Sample,Pquery,Multiplicity,EDPL
2111SR_20211107_40_16_40m_900mL_S8_L001.12SV5.uni,KU925210,1,0
2111SR_20211107_40_16_40m_900mL_S8_L001.12SV5.uni,MN025523,1,0
2111SR_20211107_40_16_40m_900mL_S8_L001.12SV5.uni,HQ269357,1,0
2111SR_20211107_40_16_40m_900mL_S8_L001.12SV5.uni,KC353359,1,0
2111SR_20211107_40_16_40m_900mL_S8_L001.12SV5.uni,MN687313,1,0
2111SR_20211107_40_16_40m_900mL_S8_L001.12SV5.uni,JF261174,1,0
2111SR_20211107_40_16_40m_900mL_S8_L001.12SV5.uni,GU457434,1,0
2111SR_20211107_40_16_40m_900mL_S8_L001.12SV5.uni,MN539747,1,0
2111SR_20211107_40_16_40m_900mL_S8_L001.12SV5.uni,MK922124,1,0
2111SR_20211107_40_16_40m_900mL_S8_L001.12SV5.uni,AP011269,1,0
2111SR_20211107_40_16_40m_900mL_S8_L001.12SV5.uni,KJ148633,1,0
2111SR_20211107_40_16_40m_900mL_S8_L001.12SV5.uni,MF927493,1,0
2111SR_20211107_40_16_40m_900mL_S8_L001.12SV5.uni,AB525761,1,0
2111SR_20211107_40_16_40m_900mL_S8_L001.12SV5.uni,4_unique,1,0.334251
2111SR_20211107_40_16_40m_900mL_S8_L001.12SV5.uni,3_unique,1,0
2111SR_20211107_40_16_40m_900mL_S8_L001.12SV5.uni,MH796168,1,0
2111SR_20211107_40_16_40m_900mL_S8_L001.12SV5.uni,MN635736,1,0
2111SR_20211107_40_16_40m_900mL_S8_L001.12SV5.uni,MN389460,1,0
2111SR_20211107_40_16_40m_900mL_S8_L001.12SV5.uni,MW699775,1,0
2111SR_20211107_40_16_40m_900mL_S8_L001.12SV5.uni,CP019506,1,0
2111SR_20211107_40_16_40m_900mL_S8_L001.12SV5.uni,MN687314,1,0
2111SR_20211107_40_16_40m_900mL_S8_L001.12SV5.uni,KY399869,1,0
2111SR_20211107_40_16_40m_900mL_S8_L001.12SV5.uni,JN209842,1,0
2111SR_20211107_40_16_40m_900mL_S8_L001.12SV5.uni,MN720442,1,0
2111SR_20211107_40_16_40m_900mL_S8_L001.12SV5.uni,AP012106,1,0
2111SR_20211107_40_16_40m_900mL_S8_L001.12SV5.uni,MW036247,1,0
2111SR_20211107_40_16_40m_900mL_S8_L001.12SV5.uni,MF927495,1,0
2111SR_20211107_40_16_40m_900mL_S8_L001.12SV5.uni,KJ680292,1,0
2111SR_20211107_40_16_40m_900mL_S8_L001.12SV5.uni,HQ703012,1,0
2111SR_20211107_40_16_40m_900mL_S8_L001.12SV5.uni,MF443235,1,0
2111SR_20211107_40_16_40m_900mL_S8_L001.12SV5.uni,KF667531,1,0
2111SR_20211107_40_16_40m_900mL_S8_L001.12SV5.uni,MF381667,1,0
2111SR_20211107_40_16_40m_900mL_S8_L001.12SV5.uni,MW619640,1,0
2111SR_20211107_40_16_40m_900mL_S8_L001.12SV5.uni,MW192046,1,0
2111SR_20211107_40_16_40m_900mL_S8_L001.12SV5.uni,OM368318,1,0
2111SR_20211107_40_16_40m_900mL_S8_L001.12SV5.uni,MZ436170,1,0
2111SR_20211107_40_16_40m_900mL_S8_L001.12SV5.uni,MT300243,1,0
2111SR_20211107_40_16_40m_900mL_S8_L001.12SV5.uni,KF162209,1,1.84716e-05
2111SR_20211107_40_16_40m_900mL_S8_L001.12SV5.uni,MW209725,1,0
2111SR_20211107_40_16_40m_900mL_S8_L001.12SV5.uni,MW257217,1,0
2111SR_20211107_40_16_40m_900mL_S8_L001.12SV5.uni,KU194299,1,0
2111SR_20211107_40_16_40m_900mL_S8_L001.12SV5.uni,JQ071621,1,0
2111SR_20211107_40_16_40m_900mL_S8_L001.12SV5.uni,AP012150,1,0
2111SR_20211107_40_16_40m_900mL_S8_L001.12SV5.uni,AB277725,1,0
2111SR_20211107_40_16_40m_900mL_S8_L001.12SV5.uni,AB182653,1,0
2111SR_20211107_40_16_40m_900mL_S8_L001.12SV5.uni,GQ368657,1,0
2111SR_20211107_40_16_40m_900mL_S8_L001.12SV5.uni,MT375014,1,0
2111SR_20211107_40_16_40m_900mL_S8_L001.12SV5.uni,MG543474,1,0
2111SR_20211107_40_16_40m_900mL_S8_L001.12SV5.uni,ON323501,1,0
2111SR_20211107_40_16_40m_900mL_S8_L001.12SV5.uni,OK360639,1,0
2111SR_20211107_40_16_40m_900mL_S8_L001.12SV5.uni,KT382827,1,0
2111SR_20211107_40_16_40m_900mL_S8_L001.12SV5.uni,MK303550,1,0
2111SR_20211107_40_16_40m_900mL_S8_L001.12SV5.uni,MT672020,1,0
2111SR_20211107_40_16_40m_900mL_S8_L001.12SV5.uni,DQ984518,1,2.90792e-05
2111SR_20211107_40_16_40m_900mL_S8_L001.12SV5.uni,MZ350861,1,0
2111SR_20211107_40_16_40m_900mL_S8_L001.12SV5.uni,KY410960,1,0
2111SR_20211107_40_16_40m_900mL_S8_L001.12SV5.uni,MN356200,1,0
2111SR_20211107_40_16_40m_900mL_S8_L001.12SV5.uni,MN683735,1,0
2111SR_20211107_40_16_40m_900mL_S8_L001.12SV5.uni,AP009168,1,0
2111SR_20211107_40_16_40m_900mL_S8_L001.12SV5.uni,AP005985,1,0
2111SR_20211107_40_16_40m_900mL_S8_L001.12SV5.uni,AB478577,1,0
2111SR_20211107_40_16_40m_900mL_S8_L001.12SV5.uni,1_unique,1,0
2111SR_20211107_40_16_40m_900mL_S8_L001.12SV5.uni,MT134100,1,0
2111SR_20211107_40_16_40m_900mL_S8_L001.12SV5.uni,OM912597,1,0
2111SR_20211107_40_16_40m_900mL_S8_L001.12SV5.uni,MH374118,1,0
2111SR_20211107_40_16_40m_900mL_S8_L001.12SV5.uni,MF497718,1,0
2111SR_20211107_40_16_40m_900mL_S8_L001.12SV5.uni,KX657742,1,0
2111SR_20211107_40_16_40m_900mL_S8_L001.12SV5.uni,JX462739,1,0
2111SR_20211107_40_16_40m_900mL_S8_L001.12SV5.uni,KM892838,1,0
2111SR_20211107_40_16_40m_900mL_S8_L001.12SV5.uni,JF357972,1,0
2111SR_20211107_40_16_40m_900mL_S8_L001.12SV5.uni,MN356308,1,0
2111SR_20211107_40_16_40m_900mL_S8_L001.12SV5.uni,KP274878,1,0
2111SR_20211107_40_16_40m_900mL_S8_L001.12SV5.uni,MG321595,1,0
2111SR_20211107_40_16_40m_900mL_S8_L001.12SV5.uni,KC527593,1,0
2111SR_20211107_40_16_40m_900mL_S8_L001.12SV5.uni,KT964710,1,0
2111SR_20211107_40_16_40m_900mL_S8_L001.12SV5.uni,0_unique,1,0
2111SR_20211107_40_16_40m_900mL_S8_L001.12SV5.uni,MK455837,1,0
2111SR_20211107_40_16_40m_900mL_S8_L001.12SV5.uni,MT880225,1,0
2111SR_20211107_40_16_40m_900mL_S8_L001.12SV5.uni,MN473101,1,0
2111SR_20211107_40_16_40m_900mL_S8_L001.12SV5.uni,FJ456949,1,0
2111SR_20211107_40_16_40m_900mL_S8_L001.12SV5.uni,MT232643,1,0
2111SR_20211107_40_16_40m_900mL_S8_L001.12SV5.uni,MN623377,1,0
2111SR_20211107_40_16_40m_900mL_S8_L001.12SV5.uni,OM328972,1,0
2111SR_20211107_40_16_40m_900mL_S8_L001.12SV5.uni,MF497305,1,0
2111SR_20211107_40_16_40m_900mL_S8_L001.12SV5.uni,MF143478,1,0
2111SR_20211107_40_16_40m_900mL_S8_L001.12SV5.uni,MN356118,1,0
2111SR_20211107_40_16_40m_900mL_S8_L001.12SV5.uni,OM732332,1,0
2111SR_20211107_40_16_40m_900mL_S8_L001.12SV5.uni,AP012140,1,0
2111SR_20211107_40_16_40m_900mL_S8_L001.12SV5.uni,EU861052,1,0
2111SR_20211107_40_16_40m_900mL_S8_L001.12SV5.uni,JX971538,1,0
2111SR_20211107_40_16_40m_900mL_S8_L001.12SV5.uni,FJ532060,1,0
2111SR_20211107_40_16_40m_900mL_S8_L001.12SV5.uni,MH330332,1,0
2111SR_20211107_40_16_40m_900mL_S8_L001.12SV5.uni,EU124719,1,0
2111SR_20211107_40_16_40m_900mL_S8_L001.12SV5.uni,MW548255,1,0
2111SR_20211107_40_16_40m_900mL_S8_L001.12SV5.uni,MK614539,1,0
2111SR_20211107_40_16_40m_900mL_S8_L001.12SV5.uni,MZ062467,1,0
2111SR_20211107_40_16_40m_900mL_S8_L001.12SV5.uni,MT556653,1,0
2111SR_20211107_40_16_40m_900mL_S8_L001.12SV5.uni,MW250274,1,0
2111SR_20211107_40_16_40m_900mL_S8_L001.12SV5.uni,KX176779,1,0
2111SR_20211107_40_16_40m_900mL_S8_L001.12SV5.uni,AP003422,1,0
2111SR_20211107_40_16_40m_900mL_S8_L001.12SV5.uni,MN547478,1,0
2111SR_20211107_40_16_40m_900mL_S8_L001.12SV5.uni,MF770444,1,0
2111SR_20211107_40_16_40m_900mL_S8_L001.12SV5.uni,AP013334,1,0
2111SR_20211107_40_16_40m_900mL_S8_L001.12SV5.uni,EU332750,1,0
2111SR_20211107_40_16_40m_900mL_S8_L001.12SV5.uni,MT104516,1,0
2111SR_20211107_40_16_40m_900mL_S8_L001.12SV5.uni,KU925369,1,0
2111SR_20211107_40_16_40m_900mL_S8_L001.12SV5.uni,MN594538,1,0
2111SR_20211107_40_16_40m_900mL_S8_L001.12SV5.uni,KT164633,1,0
2111SR_20211107_40_16_40m_900mL_S8_L001.12SV5.uni,ON303726,1,0
2111SR_20211107_40_16_40m_900mL_S8_L001.12SV5.uni,MZ440653,1,0
2111SR_20211107_40_16_40m_900mL_S8_L001.12SV5.uni,EU518938,1,0
2111SR_20211107_40_16_40m_900mL_S8_L001.12SV5.uni,MW537828,1,0
2111SR_20211107_40_16_40m_900mL_S8_L001.12SV5.uni,JN632661,1,0
2111SR_20211107_40_16_40m_900mL_S8_L001.12SV5.uni,KY410953,1,0
2111SR_20211107_40_16_40m_900mL_S8_L001.12SV5.uni,MN541864,1,0
2111SR_20211107_40_16_40m_900mL_S8_L001.12SV5.uni,KY779853,1,0
2111SR_20211107_40_16_40m_900mL_S8_L001.12SV5.uni,MT410877,1,0
2111SR_20211107_40_16_40m_900mL_S8_L001.12SV5.uni,MT627198,1,0
2111SR_20211107_40_16_40m_900mL_S8_L001.12SV5.uni,MZ594641,1,0
2111SR_20211107_40_16_40m_900mL_S8_L001.12SV5.uni,KM111526,1,0
2111SR_20211107_40_16_40m_900mL_S8_L001.12SV5.uni,MZ726800,1,0
2111SR_20211107_40_16_40m_900mL_S8_L001.12SV5.uni,KF590551,1,0
2111SR_20211107_40_16_40m_900mL_S8_L001.12SV5.uni,KT876893,1,0
2111SR_20211107_40_16_40m_900mL_S8_L001.12SV5.uni,JQ743670,1,0
2111SR_20211107_40_16_40m_900mL_S8_L001.12SV5.uni,KJ133581,1,0
2111SR_20211107_40_16_40m_900mL_S8_L001.12SV5.uni,MN964124,1,0
2111SR_20211107_40_16_40m_900mL_S8_L001.12SV5.uni,MW348993,1,0
2111SR_20211107_40_16_40m_900mL_S8_L001.12SV5.uni,JQ713766,1,0
2111SR_20211107_40_16_40m_900mL_S8_L001.12SV5.uni,MW548262,1,0
2111SR_20211107_40_16_40m_900mL_S8_L001.12SV5.uni,MT789706,1,0
2111SR_20211107_40_16_40m_900mL_S8_L001.12SV5.uni,JF911710,1,0
2111SR_20211107_40_16_40m_900mL_S8_L001.12SV5.uni,MW260634,1,0
2111SR_20211107_40_16_40m_900mL_S8_L001.12SV5.uni,AY968672,1,0
2111SR_20211107_40_16_40m_900mL_S8_L001.12SV5.uni,2_unique,1,0.208387
2111SR_20211107_40_16_40m_900mL_S8_L001.12SV5.uni,AB769476,1,0
2111SR_20211107_40_16_40m_900mL_S8_L001.12SV5.uni,KF881046,1,0
2111SR_20211107_40_16_40m_900mL_S8_L001.12SV5.uni,MT036790,1,0
2111SR_20211107_40_16_40m_900mL_S8_L001.12SV5.uni,KX057734,1,0
2111SR_20211107_40_16_40m_900mL_S8_L001.12SV5.uni,MT394512,1,0
2111SR_20211107_40_16_40m_900mL_S8_L001.12SV5.uni,AP014526,1,0
2111SR_20211107_40_16_40m_900mL_S8_L001.12SV5.uni,MT028216,1,0
2111SR_20211107_40_16_40m_900mL_S8_L001.12SV5.uni,KY996505,1,0
2111SR_20211107_40_16_40m_900mL_S8_L001.12SV5.uni,MN052793,1,0
2111SR_20211107_40_16_40m_900mL_S8_L001.12SV5.uni,KT213589,1,0
2111SR_20211107_40_16_40m_900mL_S8_L001.12SV5.uni,MW421307,1,0
2111SR_20211107_40_16_40m_900mL_S8_L001.12SV5.uni,AP011938,1,0
2111SR_20211107_40_16_40m_900mL_S8_L001.12SV5.uni,KP257577,1,0
2111SR_20211107_40_16_40m_900mL_S8_L001.12SV5.uni,MN117718,1,0
2111SR_20211107_40_16_40m_900mL_S8_L001.12SV5.uni,MN715151,1,0
2111SR_20211107_40_16_40m_900mL_S8_L001.12SV5.uni,EF014414,1,0
2111SR_20211107_40_16_40m_900mL_S8_L001.12SV5.uni,OM991430,1,0
2111SR_20211107_40_16_40m_900mL_S8_L001.12SV5.uni,MN873588,1,0
2111SR_20211107_40_16_40m_900mL_S8_L001.12SV5.uni,AF295546,1,0
2111SR_20211107_40_16_40m_900mL_S8_L001.12SV5.uni,JF727169,1,0
2111SR_20211107_40_16_40m_900mL_S8_L001.12SV5.uni,KX857326,1,0
2111SR_20211107_40_16_40m_900mL_S8_L001.12SV5.uni,OK274257,1,0
2111SR_20211107_40_16_40m_900mL_S8_L001.12SV5.uni,MN356263,1,0
2111SR_20211107_40_16_40m_900mL_S8_L001.12SV5.uni,MF621734,1,0
2111SR_20211107_40_16_40m_900mL_S8_L001.12SV5.uni,KR363149,1,0
2111SR_20211107_40_16_40m_900mL_S8_L001.12SV5.uni,MN259086,1,0
2111SR_20211107_40_16_40m_900mL_S8_L001.12SV5.uni,MF136777,1,0
2111SR_20211107_40_16_40m_900mL_S8_L001.12SV5.uni,KY021078,1,0
2111SR_20211107_40_16_40m_900mL_S8_L001.12SV5.uni,MN044390,1,0
2111SR_20211107_40_16_40m_900mL_S8_L001.12SV5.uni,KX087245,1,0
2111SR_20211107_40_16_40m_900mL_S8_L001.12SV5.uni,MN560136,1,0
2111SR_20211107_40_16_40m_900mL_S8_L001.12SV5.uni,MF766257,1,0
2111SR_20211107_40_16_40m_900mL_S8_L001.12SV5.uni,ON462106,1,0
2111SR_20211107_40_16_40m_900mL_S8_L001.12SV5.uni,JQ411477,1,0
2111SR_20211107_40_16_40m_900mL_S8_L001.12SV5.uni,KM112308,1,0
2111SR_20211107_40_16_40m_900mL_S8_L001.12SV5.uni,MN245054,1,0
2111SR_20211107_40_16_40m_900mL_S8_L001.12SV5.uni,MK940810,1,0
2111SR_20211107_40_16_40m_900mL_S8_L001.12SV5.uni,MG587041,1,0
2111SR_20211107_40_16_40m_900mL_S8_L001.12SV5.uni,KP833628,1,0
2111SR_20211107_40_16_40m_900mL_S8_L001.12SV5.uni,MZ364157,1,0
2111SR_20211107_40_16_40m_900mL_S8_L001.12SV5.uni,MK361035,1,0
2111SR_20211107_40_16_40m_900mL_S8_L001.12SV5.uni,KF924757,1,0
2111SR_20211107_40_16_40m_900mL_S8_L001.12SV5.uni,MG989217,1,0
2111SR_20211107_40_16_40m_900mL_S8_L001.12SV5.uni,MN180051,1,0
2111SR_20211107_40_16_40m_900mL_S8_L001.12SV5.uni,FJ859905,1,0
2111SR_20211107_40_16_40m_900mL_S8_L001.12SV5.uni,KR347439,1,0
2111SR_20211107_40_16_40m_900mL_S8_L001.12SV5.uni,HE861923,1,0
2111SR_20211107_40_16_40m_900mL_S8_L001.12SV5.uni,JF729202,1,0
2111SR_20211107_40_16_40m_900mL_S8_L001.12SV5.uni,KJ801482,1,0
2111SR_20211107_40_16_40m_900mL_S8_L001.12SV5.uni,AB201257,1,0
2111SR_20211107_40_16_40m_900mL_S8_L001.12SV5.uni,AY605475,1,0
2111SR_20211107_40_16_40m_900mL_S8_L001.12SV5.uni,MN356414,1,0
2111SR_20211107_40_16_40m_900mL_S8_L001.12SV5.uni,MK156771,1,0
2111SR_20211107_40_16_40m_900mL_S8_L001.12SV5.uni,MT410865,1,0
2111SR_20211107_40_16_40m_900mL_S8_L001.12SV5.uni,MH823675,1,0
2111SR_20211107_40_16_40m_900mL_S8_L001.12SV5.uni,MK642870,1,0
2111SR_20211107_40_16_40m_900mL_S8_L001.12SV5.uni,MH802052,1,0
2111SR_20211107_40_16_40m_900mL_S8_L001.12SV5.uni,MK804155,1,0
2111SR_20211107_40_16_40m_900mL_S8_L001.12SV5.uni,MT017723,1,0
2111SR_20211107_40_16_40m_900mL_S8_L001.12SV5.uni,MW996605,1,0
2111SR_20211107_40_16_40m_900mL_S8_L001.12SV5.uni,MZ336090,1,0
2111SR_20211107_40_16_40m_900mL_S8_L001.12SV5.uni,JN629046,1,0
2111SR_20211107_40_16_40m_900mL_S8_L001.12SV5.uni,MG066702,1,0
2111SR_20211107_40_16_40m_900mL_S8_L001.12SV5.uni,MG704920,1,0
2111SR_20211107_40_16_40m_900mL_S8_L001.12SV5.uni,MG251964,1,0
2111SR_20211107_40_16_40m_900mL_S8_L001.12SV5.uni,AY526868,1,0
2111SR_20211107_40_16_40m_900mL_S8_L001.12SV5.uni,KR780683,1,0
2111SR_20211107_40_16_40m_900mL_S8_L001.12SV5.uni,AP010854,1,0
2111SR_20211107_40_16_40m_900mL_S8_L001.12SV5.uni,AY961084,1,0
2111SR_20211107_40_16_40m_900mL_S8_L001.12SV5.uni,KR336554,1,0
2111SR_20211107_40_16_40m_900mL_S8_L001.12SV5.uni,MW697903,1,0
2111SR_20211107_40_16_40m_900mL_S8_L001.12SV5.uni,KP901268,1,0
2111SR_20211107_40_16_40m_900mL_S8_L001.12SV5.uni,OK542392,1,0
2111SR_20211107_40_16_40m_900mL_S8_L001.12SV5.uni,HQ269355,1,0
2111SR_20211107_40_16_40m_900mL_S8_L001.12SV5.uni,AP017433,1,0
2111SR_20211107_40_16_40m_900mL_S8_L001.12SV5.uni,MN616944,1,0
2111SR_20211107_40_16_40m_900mL_S8_L001.12SV5.uni,DQ518915,1,0
2111SR_20211107_40_16_40m_900mL_S8_L001.12SV5.uni,OM910923,1,0
2111SR_20211107_40_16_40m_900mL_S8_L001.12SV5.uni,MT366880,1,0
2111SR_20211107_40_16_40m_900mL_S8_L001.12SV5.uni,KJ458934,1,0
2111SR_20211107_40_16_40m_900mL_S8_L001.12SV5.uni,MF958503,1,0
2111SR_20211107_40_16_40m_900mL_S8_L001.12SV5.uni,MN259075,1,0
2111SR_20211107_40_16_40m_900mL_S8_L001.12SV5.uni,MH939247,1,0
2111SR_20211107_40_16_40m_900mL_S8_L001.12SV5.uni,KX267573,1,0
2111SR_20211107_40_16_40m_900mL_S8_L001.12SV5.uni,MT584144,1,0
2111SR_20211107_40_16_40m_900mL_S8_L001.12SV5.uni,MG813493,1,0
2111SR_20211107_40_16_40m_900mL_S8_L001.12SV5.uni,CP006565,1,0
2111SR_20211107_40_16_40m_900mL_S8_L001.12SV5.uni,MT079045,1,0
2111SR_20211107_40_16_40m_900mL_S8_L001.12SV5.uni,MK234706,1,0
2111SR_20211107_40_16_40m_900mL_S8_L001.12SV5.uni,ON357737,1,0
2111SR_20211107_40_16_40m_900mL_S8_L001.12SV5.uni,OM063155,1,0
2111SR_20211107_40_16_40m_900mL_S8_L001.12SV5.uni,MW450819,1,0
2111SR_20211107_40_16_40m_900mL_S8_L001.12SV5.uni,KY115687,1,0
2111SR_20211107_40_16_40m_900mL_S8_L001.12SV5.uni,AP014757,1,0
2111SR_20211107_40_16_40m_900mL_S8_L001.12SV5.uni,MG770308,1,0
2111SR_20211107_40_16_40m_900mL_S8_L001.12SV5.uni,MT670402,1,0
2111SR_20211107_40_16_40m_900mL_S8_L001.12SV5.uni,MK507893,1,0
2111SR_20211107_40_16_40m_900mL_S8_L001.12SV5.uni,KX494104,1,0
2111SR_20211107_40_16_40m_900mL_S8_L001.12SV5.uni,KX087298,1,0
2111SR_20211107_40_16_40m_900mL_S8_L001.12SV5.uni,MT232273,1,0
2111SR_20211107_40_16_40m_900mL_S8_L001.12SV5.uni,MW619723,1,0
2111SR_20211107_40_16_40m_900mL_S8_L001.12SV5.uni,MG593162,1,0
2111SR_20211107_40_16_40m_900mL_S8_L001.12SV5.uni,MZ336092,1,0
2111SR_20211107_40_16_40m_900mL_S8_L001.12SV5.uni,MK702077,1,0
2111SR_20211107_40_16_40m_900mL_S8_L001.12SV5.uni,MK165680,1,0
2111SR_20211107_40_16_40m_900mL_S8_L001.12SV5.uni,MN845639,1,0
2111SR_20211107_40_16_40m_900mL_S8_L001.12SV5.uni,KX641332,1,0
2111SR_20211107_40_16_40m_900mL_S8_L001.12SV5.uni,AY605481,1,0
2111SR_20211107_40_16_40m_900mL_S8_L001.12SV5.uni,MN849306,1,0
2111SR_20211107_40_16_40m_900mL_S8_L001.12SV5.uni,DQ367044,1,0
2111SR_20211107_40_16_40m_900mL_S8_L001.12SV5.uni,MK371068,1,0
2111SR_20211107_40_16_40m_900mL_S8_L001.12SV5.uni,AY486321,1,0
2111SR_20211107_40_16_40m_900mL_S8_L001.12SV5.uni,AB525762,1,0
2111SR_20211107_40_16_40m_900mL_S8_L001.12SV5.uni,KT826694,1,0
2111SR_20211107_40_16_40m_900mL_S8_L001.12SV5.uni,LT999985,1,0
2111SR_20211107_40_16_40m_900mL_S8_L001.12SV5.uni,MT862442,1,0
2111SR_20211107_40_16_40m_900mL_S8_L001.12SV5.uni,MH934953,1,0
2111SR_20211107_40_16_40m_900mL_S8_L001.12SV5.uni,MH359408,1,0
2111SR_20211107_40_16_40m_900mL_S8_L001.12SV5.uni,MT806066,1,0
2111SR_20211107_40_16_40m_900mL_S8_L001.12SV5.uni,FJ207532,1,0
2111SR_20211107_40_16_40m_900mL_S8_L001.12SV5.uni,MK469961,1,0
2111SR_20211107_40_16_40m_900mL_S8_L001.12SV5.uni,KP996610,1,0
2111SR_20211107_40_16_40m_900mL_S8_L001.12SV5.uni,MW861756,1,0
2111SR_20211107_40_16_40m_900mL_S8_L001.12SV5.uni,AP012097,1,0
2111SR_20211107_40_16_40m_900mL_S8_L001.12SV5.uni,KP973959,1,0
2111SR_20211107_40_16_40m_900mL_S8_L001.12SV5.uni,OK094491,1,0
2111SR_20211107_40_16_40m_900mL_S8_L001.12SV5.uni,EF494507,1,0
2111SR_20211107_40_16_40m_900mL_S8_L001.12SV5.uni,KF717095,1,0
2111SR_20211107_40_16_40m_900mL_S8_L001.12SV5.uni,MN722654,1,0
2111SR_20211107_40_16_40m_900mL_S8_L001.12SV5.uni,MF381622,1,0
2111SR_20211107_40_16_40m_900mL_S8_L001.12SV5.uni,MW899158,1,0
2111SR_20211107_40_16_40m_900mL_S8_L001.12SV5.uni,MH592136,1,0
2111SR_20211107_40_16_40m_900mL_S8_L001.12SV5.uni,KY814719,1,0
2111SR_20211107_40_16_40m_900mL_S8_L001.12SV5.uni,KX891743,1,0
2111SR_20211107_40_16_40m_900mL_S8_L001.12SV5.uni,MH000287,1,0
2111SR_20211107_40_16_40m_900mL_S8_L001.12SV5.uni,OM203154,1,0
2111SR_20211107_40_16_40m_900mL_S8_L001.12SV5.uni,AP010880,1,0
2111SR_20211107_40_16_40m_900mL_S8_L001.12SV5.uni,KJ013505,1,0
2111SR_20211107_40_16_40m_900mL_S8_L001.12SV5.uni,MT635133,1,0
2111SR_20211107_40_16_40m_900mL_S8_L001.12SV5.uni,MK783266,1,0
2111SR_20211107_40_16_40m_900mL_S8_L001.12SV5.uni,LN607806,1,0
2111SR_20211107_40_16_40m_900mL_S8_L001.12SV5.uni,OM161964,1,0
2111SR_20211107_40_16_40m_900mL_S8_L001.12SV5.uni,EU427337,1,0
2111SR_20211107_40_16_40m_900mL_S8_L001.12SV5.uni,MG737800,1,0
2111SR_20211107_40_16_40m_900mL_S8_L001.12SV5.uni,EF537577,1,0
2111SR_20211107_40_16_40m_900mL_S8_L001.12SV5.uni,MK749465,1,0
2111SR_20211107_40_16_40m_900mL_S8_L001.12SV5.uni,FR691689,1,0
2111SR_20211107_40_16_40m_900mL_S8_L001.12SV5.uni,MW563321,1,0
2111SR_20211107_40_16_40m_900mL_S8_L001.12SV5.uni,KR911791,1,0
2111SR_20211107_40_16_40m_900mL_S8_L001.12SV5.uni,KY623657,1,0
2111SR_20211107_40_16_40m_900mL_S8_L001.12SV5.uni,AP018425,1,0
2111SR_20211107_40_16_40m_900mL_S8_L001.12SV5.uni,MZ329989,1,0
2111SR_20211107_40_16_40m_900mL_S8_L001.12SV5.uni,AY728213,1,0
2111SR_20211107_40_16_40m_900mL_S8_L001.12SV5.uni,KX094959,1,0
2111SR_20211107_40_16_40m_900mL_S8_L001.12SV5.uni,LC222531,1,0
2111SR_20211107_40_16_40m_900mL_S8_L001.12SV5.uni,OM995824,1,0
2111SR_20211107_40_16_40m_900mL_S8_L001.12SV5.uni,MZ202394,1,0
2111SR_20211107_40_16_40m_900mL_S8_L001.12SV5.uni,MZ403754,1,0
2111SR_20211107_40_16_40m_900mL_S8_L001.12SV5.uni,OL616222,1,0
2111SR_20211107_40_16_40m_900mL_S8_L001.12SV5.uni,KY707299,1,0
2111SR_20211107_40_16_40m_900mL_S8_L001.12SV5.uni,MK608014,1,0
2111SR_20211107_40_16_40m_900mL_S8_L001.12SV5.uni,MN547419,1,0
2111SR_20211107_40_16_40m_900mL_S8_L001.12SV5.uni,EU725864,1,0
2111SR_20211107_40_16_40m_900mL_S8_L001.12SV5.uni,MW232467,1,0
2111SR_20211107_40_16_40m_900mL_S8_L001.12SV5.uni,MG570457,1,0
2111SR_20211107_40_16_40m_900mL_S8_L001.12SV5.uni,LC557137,1,0
2111SR_20211107_40_16_40m_900mL_S8_L001.12SV5.uni,AP019357,1,0
2111SR_20211107_40_16_40m_900mL_S8_L001.12SV5.uni,KC490913,1,0
2111SR_20211107_40_16_40m_900mL_S8_L001.12SV5.uni,MW165227,1,0
2111SR_20211107_40_16_40m_900mL_S8_L001.12SV5.uni,OK094456,1,0
2111SR_20211107_40_16_40m_900mL_S8_L001.12SV5.uni,HQ849824,1,0
2111SR_20211107_40_16_40m_900mL_S8_L001.12SV5.uni,MW642296,1,0
2111SR_20211107_40_16_40m_900mL_S8_L001.12SV5.uni,MW872011,1,0
2111SR_20211107_40_16_40m_900mL_S8_L001.12SV5.uni,MK959044,1,0
2111SR_20211107_40_16_40m_900mL_S8_L001.12SV5.uni,KU127234,1,0
2111SR_20211107_40_16_40m_900mL_S8_L001.12SV5.uni,HQ622802,1,0
2111SR_20211107_40_16_40m_900mL_S8_L001.12SV5.uni,MN792962,1,0
2111SR_20211107_40_16_40m_900mL_S8_L001.12SV5.uni,MF177006,1,0
2111SR_20211107_40_16_40m_900mL_S8_L001.12SV5.uni,MF143487,1,0
2111SR_20211107_40_16_40m_900mL_S8_L001.12SV5.uni,MW574349,1,0
2111SR_20211107_40_16_40m_900mL_S8_L001.12SV5.uni,JX901075,1,0
2111SR_20211107_40_16_40m_900mL_S8_L001.12SV5.uni,KM502565,1,0
2111SR_20211107_40_16_40m_900mL_S8_L001.12SV5.uni,MT062998,1,0
2111SR_20211107_40_16_40m_900mL_S8_L001.12SV5.uni,MG603674,1,0
2111SR_20211107_40_16_40m_900mL_S8_L001.12SV5.uni,MH972198,1,0
2111SR_20211107_40_16_40m_900mL_S8_L001.12SV5.uni,MT882036,1,0
2111SR_20211107_40_16_40m_900mL_S8_L001.12SV5.uni,KX462904,1,0
2111SR_20211107_40_16_40m_900mL_S8_L001.12SV5.uni,ON012651,1,0
2111SR_20211107_40_16_40m_900mL_S8_L001.12SV5.uni,MF124314,1,0
2111SR_20211107_40_16_40m_900mL_S8_L001.12SV5.uni,OL697750,1,0
2111SR_20211107_40_16_40m_900mL_S8_L001.12SV5.uni,AY630340,1,0
2111SR_20211107_40_16_40m_900mL_S8_L001.12SV5.uni,KT809328,1,0
2111SR_20211107_40_16_40m_900mL_S8_L001.12SV5.uni,MZ439918,1,0
2111SR_20211107_40_16_40m_900mL_S8_L001.12SV5.uni,HQ622793,1,0
2111SR_20211107_40_16_40m_900mL_S8_L001.12SV5.uni,MT408170,1,0
2111SR_20211107_40_16_40m_900mL_S8_L001.12SV5.uni,MZ708721,1,0
2111SR_20211107_40_16_40m_900mL_S8_L001.12SV5.uni,MT240888,1,0
2111SR_20211107_40_16_40m_900mL_S8_L001.12SV5.uni,KJ579139,1,0
2111SR_20211107_40_16_40m_900mL_S8_L001.12SV5.uni,MT157615,1,0
2111SR_20211107_40_16_40m_900mL_S8_L001.12SV5.uni,MH605314,1,0
2111SR_20211107_40_16_40m_900mL_S8_L001.12SV5.uni,MT506030,1,0
2111SR_20211107_40_16_40m_900mL_S8_L001.12SV5.uni,KU892588,1,0
2111SR_20211107_40_16_40m_900mL_S8_L001.12SV5.uni,GU001954,1,0
2111SR_20211107_40_16_40m_900mL_S8_L001.12SV5.uni,KC107817,1,0
2111SR_20211107_40_16_40m_900mL_S8_L001.12SV5.uni,MZ397980,1,0
2111SR_20211107_40_16_40m_900mL_S8_L001.12SV5.uni,MT584134,1,0
2111SR_20211107_40_16_40m_900mL_S8_L001.12SV5.uni,KY316379,1,0
2111SR_20211107_40_16_40m_900mL_S8_L001.12SV5.uni,MN873598,1,0
2111SR_20211107_40_16_40m_900mL_S8_L001.12SV5.uni,KU501220,1,0
2111SR_20211107_40_16_40m_900mL_S8_L001.12SV5.uni,OM328886,1,0
2111SR_20211107_40_16_40m_900mL_S8_L001.12SV5.uni,AM181033,1,0
2111SR_20211107_40_16_40m_900mL_S8_L001.12SV5.uni,MW327508,1,0
2111SR_20211107_40_16_40m_900mL_S8_L001.12SV5.uni,AP011183,1,0
2111SR_20211107_40_16_40m_900mL_S8_L001.12SV5.uni,AP017322,1,0
2111SR_20211107_40_16_40m_900mL_S8_L001.12SV5.uni,KR150876,1,0
2111SR_20211107_40_16_40m_900mL_S8_L001.12SV5.uni,HM036351,1,0
2111SR_20211107_40_16_40m_900mL_S8_L001.12SV5.uni,MK240320,1,0
2111SR_20211107_40_16_40m_900mL_S8_L001.12SV5.uni,OM474292,1,0
2111SR_20211107_40_16_40m_900mL_S8_L001.12SV5.uni,ON055161,1,0
2111SR_20211107_40_16_40m_900mL_S8_L001.12SV5.uni,OL875052,1,0
2111SR_20211107_40_16_40m_900mL_S8_L001.12SV5.uni,HQ269362,1,0
2111SR_20211107_40_16_40m_900mL_S8_L001.12SV5.uni,HQ622808,1,0
2111SR_20211107_40_16_40m_900mL_S8_L001.12SV5.uni,MZ433362,1,0
2111SR_20211107_40_16_40m_900mL_S8_L001.12SV5.uni,MG489822,1,0
2111SR_20211107_40_16_40m_900mL_S8_L001.12SV5.uni,KY776451,1,0
2111SR_20211107_40_16_40m_900mL_S8_L001.12SV5.uni,MN378521,1,0
2111SR_20211107_40_16_40m_900mL_S8_L001.12SV5.uni,AP012234,1,0
2111SR_20211107_40_16_40m_900mL_S8_L001.12SV5.uni,MN728946,1,0
2111SR_20211107_40_16_40m_900mL_S8_L001.12SV5.uni,KT992045,1,0
2111SR_20211107_40_16_40m_900mL_S8_L001.12SV5.uni,MN481499,1,0
2111SR_20211107_40_16_40m_900mL_S8_L001.12SV5.uni,ON080843,1,0
2111SR_20211107_40_16_40m_900mL_S8_L001.12SV5.uni,MT036784,1,0
2111SR_20211107_40_16_40m_900mL_S8_L001.12SV5.uni,MW357299,1,0
2111SR_20211107_40_16_40m_900mL_S8_L001.12SV5.uni,HQ269359,1,0
2111SR_20211107_40_16_40m_900mL_S8_L001.12SV5.uni,MN807581,1,0
2111SR_20211107_40_16_40m_900mL_S8_L001.12SV5.uni,MZ196220,1,0
2111SR_20211107_40_16_40m_900mL_S8_L001.12SV5.uni,OK552672,1,0
2111SR_20211107_40_16_40m_900mL_S8_L001.12SV5.uni,AP011230,1,0
2111SR_20211107_40_16_40m_900mL_S8_L001.12SV5.uni,KJ525744,1,0
2111SR_20211107_40_16_40m_900mL_S8_L001.12SV5.uni,KF569943,1,0
2111SR_20211107_40_16_40m_900mL_S8_L001.12SV5.uni,MK814187,1,0
2111SR_20211107_40_16_40m_900mL_S8_L001.12SV5.uni,MN557850,1,0
2111SR_20211107_40_16_40m_900mL_S8_L001.12SV5.uni,MT584122,1,0
2111SR_20211107_40_16_40m_900mL_S8_L001.12SV5.uni,KX943483,1,0
2111SR_20211107_40_16_40m_900mL_S8_L001.12SV5.uni,JX144934,1,0
2111SR_20211107_40_16_40m_900mL_S8_L001.12SV5.uni,OL616225,1,0
2111SR_20211107_40_16_40m_900mL_S8_L001.12SV5.uni,OK120846,1,0
2111SR_20211107_40_16_40m_900mL_S8_L001.12SV5.uni,OM329044,1,0
2111SR_20211107_40_16_40m_900mL_S8_L001.12SV5.uni,OL547472,1,0
2111SR_20211107_40_16_40m_900mL_S8_L001.12SV5.uni,KJ868097,1,0
2111SR_20211107_40_16_40m_900mL_S8_L001.12SV5.uni,AP009139,1,0
2111SR_20211107_40_16_40m_900mL_S8_L001.12SV5.uni,MZ930072,1,0
2111SR_20211107_40_16_40m_900mL_S8_L001.12SV5.uni,MW856870,1,0
2111SR_20211107_40_16_40m_900mL_S8_L001.12SV5.uni,KM597489,1,0
2111SR_20211107_40_16_40m_900mL_S8_L001.12SV5.uni,MW648425,1,0
2111SR_20211107_40_16_40m_900mL_S8_L001.12SV5.uni,MN594537,1,0
2111SR_20211107_40_16_40m_900mL_S8_L001.12SV5.uni,OL581666,1,0
2111SR_20211107_40_16_40m_900mL_S8_L001.12SV5.uni,KX035133,1,0
2111SR_20211107_40_16_40m_900mL_S8_L001.12SV5.uni,KX670541,1,0
2111SR_20211107_40_16_40m_900mL_S8_L001.12SV5.uni,MW719251,1,0
2111SR_20211107_40_16_40m_900mL_S8_L001.12SV5.uni,MF163174,1,0
2111SR_20211107_40_16_40m_900mL_S8_L001.12SV5.uni,KC533509,1,0
2111SR_20211107_40_16_40m_900mL_S8_L001.12SV5.uni,MT622509,1,0
2111SR_20211107_40_16_40m_900mL_S8_L001.12SV5.uni,MG912815,1,0
2111SR_20211107_40_16_40m_900mL_S8_L001.12SV5.uni,KU886061,1,0
2111SR_20211107_40_16_40m_900mL_S8_L001.12SV5.uni,AP012244,1,0
2111SR_20211107_40_16_40m_900mL_S8_L001.12SV5.uni,KX061747,1,0
2111SR_20211107_40_16_40m_900mL_S8_L001.12SV5.uni,KJ415053,1,0
2111SR_20211107_40_16_40m_900mL_S8_L001.12SV5.uni,KF894962,1,0
2111SR_20211107_40_16_40m_900mL_S8_L001.12SV5.uni,DQ191682,1,0
2111SR_20211107_40_16_40m_900mL_S8_L001.12SV5.uni,MN242985,1,0
2111SR_20211107_40_16_40m_900mL_S8_L001.12SV5.uni,MW837766,1,0
2111SR_20211107_40_16_40m_900mL_S8_L001.12SV5.uni,KY689134,1,0
2111SR_20211107_40_16_40m_900mL_S8_L001.12SV5.uni,MH293468,1,0
2111SR_20211107_40_16_40m_900mL_S8_L001.12SV5.uni,KX341968,1,0
2111SR_20211107_40_16_40m_900mL_S8_L001.12SV5.uni,D89861,1,0
2111SR_20211107_40_16_40m_900mL_S8_L001.12SV5.uni,MW209727,1,0
2111SR_20211107_40_16_40m_900mL_S8_L001.12SV5.uni,KX857376,1,0
2111SR_20211107_40_16_40m_900mL_S8_L001.12SV5.uni,AJ537415,1,0
2111SR_20211107_40_16_40m_900mL_S8_L001.12SV5.uni,AP009194,1,0
2111SR_20211107_40_16_40m_900mL_S8_L001.12SV5.uni,KU323960,1,0
2111SR_20211107_40_16_40m_900mL_S8_L001.12SV5.uni,KJ194275,1,0
2111SR_20211107_40_16_40m_900mL_S8_L001.12SV5.uni,MZ427899,1,0
2111SR_20211107_40_16_40m_900mL_S8_L001.12SV5.uni,AY728227,1,0
2111SR_20211107_40_16_40m_900mL_S8_L001.12SV5.uni,KM503121,1,0
2111SR_20211107_40_16_40m_900mL_S8_L001.12SV5.uni,MK238674,1,0
2111SR_20211107_40_16_40m_900mL_S8_L001.12SV5.uni,MW465239,1,0
2111SR_20211107_40_16_40m_900mL_S8_L001.12SV5.uni,MG584836,1,0
2111SR_20211107_40_16_40m_900mL_S8_L001.12SV5.uni,MZ014452,1,0
2111SR_20211107_40_16_40m_900mL_S8_L001.12SV5.uni,MN239093,1,0
2111SR_20211107_40_16_40m_900mL_S8_L001.12SV5.uni,KU682696,1,0
2111SR_20211107_40_16_40m_900mL_S8_L001.12SV5.uni,OM328997,1,0
2111SR_20211107_40_16_40m_900mL_S8_L001.12SV5.uni,KX898010,1,0
2111SR_20211107_40_16_40m_900mL_S8_L001.12SV5.uni,MN122907,1,0
2111SR_20211107_40_16_40m_900mL_S8_L001.12SV5.uni,AF090338,1,0
2111SR_20211107_40_16_40m_900mL_S8_L001.12SV5.uni,AP011413,1,0
2111SR_20211107_40_16_40m_900mL_S8_L001.12SV5.uni,KJ600628,1,0
2111SR_20211107_40_16_40m_900mL_S8_L001.12SV5.uni,KU985078,1,0
2111SR_20211107_40_16_40m_900mL_S8_L001.12SV5.uni,AF216699,1,0
2111SR_20211107_40_16_40m_900mL_S8_L001.12SV5.uni,MW548267,1,0
2111SR_20211107_40_16_40m_900mL_S8_L001.12SV5.uni,KM014701,1,0
2111SR_20211107_40_16_40m_900mL_S8_L001.12SV5.uni,KT876902,1,0
2111SR_20211107_40_16_40m_900mL_S8_L001.12SV5.uni,MW355500,1,0
2111SR_20211107_40_16_40m_900mL_S8_L001.12SV5.uni,KY364906,1,0
2111SR_20211107_40_16_40m_900mL_S8_L001.12SV5.uni,KX171637,1,0
2111SR_20211107_40_16_40m_900mL_S8_L001.12SV5.uni,MT793779,1,0
2111SR_20211107_40_16_40m_900mL_S8_L001.12SV5.uni,KY100866,1,0
2111SR_20211107_40_16_40m_900mL_S8_L001.12SV5.uni,MW548265,1,0
2111SR_20211107_40_16_40m_900mL_S8_L001.12SV5.uni,LC381897,1,0
2111SR_20211107_40_16_40m_900mL_S8_L001.12SV5.uni,AB979449,1,0
2111SR_20211107_40_16_40m_900mL_S8_L001.12SV5.uni,JN627423,1,0
2111SR_20211107_40_16_40m_900mL_S8_L001.12SV5.uni,KX688549,1,0
2111SR_20211107_40_16_40m_900mL_S8_L001.12SV5.uni,HM243588,1,0
2111SR_20211107_40_16_40m_900mL_S8_L001.12SV5.uni,OK484308,1,0
2111SR_20211107_40_16_40m_900mL_S8_L001.12SV5.uni,OL875058,1,0
2111SR_20211107_40_16_40m_900mL_S8_L001.12SV5.uni,MG518353,1,0
2111SR_20211107_40_16_40m_900mL_S8_L001.12SV5.uni,KY911086,1,0
2111SR_20211107_40_16_40m_900mL_S8_L001.12SV5.uni,OM328935,1,0
2111SR_20211107_40_16_40m_900mL_S8_L001.12SV5.uni,KX269122,1,0
2111SR_20211107_40_16_40m_900mL_S8_L001.12SV5.uni,MK747249,1,0
2111SR_20211107_40_16_40m_900mL_S8_L001.12SV5.uni,KP211422,1,0
2111SR_20211107_40_16_40m_900mL_S8_L001.12SV5.uni,MW623730,1,0
2111SR_20211107_40_16_40m_900mL_S8_L001.12SV5.uni,EU391390,1,0
2111SR_20211107_40_16_40m_900mL_S8_L001.12SV5.uni,AB355922,1,0
2111SR_20211107_40_16_40m_900mL_S8_L001.12SV5.uni,AP014773,1,0
2111SR_20211107_40_16_40m_900mL_S8_L001.12SV5.uni,MZ274194,1,0
2111SR_20211107_40_16_40m_900mL_S8_L001.12SV5.uni,MF041978,1,0
2111SR_20211107_40_16_40m_900mL_S8_L001.12SV5.uni,KY689116,1,0
2111SR_20211107_40_16_40m_900mL_S8_L001.12SV5.uni,MG737732,1,0
2111SR_20211107_40_16_40m_900mL_S8_L001.12SV5.uni,KT946595,1,0
2111SR_20211107_40_16_40m_900mL_S8_L001.12SV5.uni,KF319031,1,0
2111SR_20211107_40_16_40m_900mL_S8_L001.12SV5.uni,OL752780,1,0
2111SR_20211107_40_16_40m_900mL_S8_L001.12SV5.uni,KU743911,1,0
2111SR_20211107_40_16_40m_900mL_S8_L001.12SV5.uni,MN196537,1,0
2111SR_20211107_40_16_40m_900mL_S8_L001.12SV5.uni,DQ536427,1,0
2111SR_20211107_40_16_40m_900mL_S8_L001.12SV5.uni,MN122933,1,0
2111SR_20211107_40_16_40m_900mL_S8_L001.12SV5.uni,FJ841968,1,0
2111SR_20211107_40_16_40m_900mL_S8_L001.12SV5.uni,HQ997773,1,0
2111SR_20211107_40_16_40m_900mL_S8_L001.12SV5.uni,MH013483,1,0
2111SR_20211107_40_16_40m_900mL_S8_L001.12SV5.uni,KU739453,1,0
2111SR_20211107_40_16_40m_900mL_S8_L001.12SV5.uni,KX821680,1,0
2111SR_20211107_40_16_40m_900mL_S8_L001.12SV5.uni,HM600783,1,0
2111SR_20211107_40_16_40m_900mL_S8_L001.12SV5.uni,KY117595,1,0
2111SR_20211107_40_16_40m_900mL_S8_L001.12SV5.uni,KU892785,1,0
2111SR_20211107_40_16_40m_900mL_S8_L001.12SV5.uni,MH110002,1,0
2111SR_20211107_40_16_40m_900mL_S8_L001.12SV5.uni,LK995454,1,0
2111SR_20211107_40_16_40m_900mL_S8_L001.12SV5.uni,KY964441,1,0
2111SR_20211107_40_16_40m_900mL_S8_L001.12SV5.uni,KT239018,1,0
2111SR_20211107_40_16_40m_900mL_S8_L001.12SV5.uni,MW035596,1,0
2111SR_20211107_40_16_40m_900mL_S8_L001.12SV5.uni,MZ052209,1,0
2111SR_20211107_40_16_40m_900mL_S8_L001.12SV5.uni,KT723012,1,0
2111SR_20211107_40_16_40m_900mL_S8_L001.12SV5.uni,KT447631,1,0
2111SR_20211107_40_16_40m_900mL_S8_L001.12SV5.uni,MF612070,1,0
2111SR_20211107_40_16_40m_900mL_S8_L001.12SV5.uni,MF381725,1,0
2111SR_20211107_40_16_40m_900mL_S8_L001.12SV5.uni,OM328158,1,0
2111SR_20211107_40_16_40m_900mL_S8_L001.12SV5.uni,JQ040543,1,0
2111SR_20211107_40_16_40m_900mL_S8_L001.12SV5.uni,MZ647487,1,0
2111SR_20211107_40_16_40m_900mL_S8_L001.12SV5.uni,MN787094,1,0
2111SR_20211107_40_16_40m_900mL_S8_L001.12SV5.uni,MT237632,1,0
2111SR_20211107_40_16_40m_900mL_S8_L001.12SV5.uni,MN816365,1,0
2111SR_20211107_40_16_40m_900mL_S8_L001.12SV5.uni,MN919176,1,0
2111SR_20211107_40_16_40m_900mL_S8_L001.12SV5.uni,KT757374,1,0
2111SR_20211107_40_16_40m_900mL_S8_L001.12SV5.uni,KT290557,1,0
2111SR_20211107_40_16_40m_900mL_S8_L001.12SV5.uni,KT879302,1,0
2111SR_20211107_40_16_40m_900mL_S8_L001.12SV5.uni,AY699271,1,0
2111SR_20211107_40_16_40m_900mL_S8_L001.12SV5.uni,KJ507132,1,0
2111SR_20211107_40_16_40m_900mL_S8_L001.12SV5.uni,JX219741,1,0
2111SR_20211107_40_16_40m_900mL_S8_L001.12SV5.uni,KU925237,1,0
2111SR_20211107_40_16_40m_900mL_S8_L001.12SV5.uni,KP938441,1,0
2111SR_20211107_40_16_40m_900mL_S8_L001.12SV5.uni,MN006862,1,0
2111SR_20211107_40_16_40m_900mL_S8_L001.12SV5.uni,HQ416908,1,0
2111SR_20211107_40_16_40m_900mL_S8_L001.12SV5.uni,KP342452,1,0
2111SR_20211107_40_16_40m_900mL_S8_L001.12SV5.uni,MT561498,1,0
2111SR_20211107_40_16_40m_900mL_S8_L001.12SV5.uni,KT985048,1,0
2111SR_20211107_40_16_40m_900mL_S8_L001.12SV5.uni,KY379150,1,0
2111SR_20211107_40_16_40m_900mL_S8_L001.12SV5.uni,KF746198,1,0
2111SR_20211107_40_16_40m_900mL_S8_L001.12SV5.uni,AP004456,1,0
2111SR_20211107_40_16_40m_900mL_S8_L001.12SV5.uni,ON254175,1,0
2111SR_20211107_40_16_40m_900mL_S8_L001.12SV5.uni,KY205709,1,0
2111SR_20211107_40_16_40m_900mL_S8_L001.12SV5.uni,OL752710,1,0
2111SR_20211107_40_16_40m_900mL_S8_L001.12SV5.uni,KX035140,1,0
2111SR_20211107_40_16_40m_900mL_S8_L001.12SV5.uni,KY458226,1,0
2111SR_20211107_40_16_40m_900mL_S8_L001.12SV5.uni,AY309258,1,0
2111SR_20211107_40_16_40m_900mL_S8_L001.12SV5.uni,KR736342,1,0
2111SR_20211107_40_16_40m_900mL_S8_L001.12SV5.uni,MN845708,1,0
2111SR_20211107_40_16_40m_900mL_S8_L001.12SV5.uni,MN548102,1,0
2111SR_20211107_40_16_40m_900mL_S8_L001.12SV5.uni,MN356144,1,0
2111SR_20211107_40_16_40m_900mL_S8_L001.12SV5.uni,KF640234,1,0
2111SR_20211107_40_16_40m_900mL_S8_L001.12SV5.uni,MT063009,1,0
2111SR_20211107_40_16_40m_900mL_S8_L001.12SV5.uni,KT166981,1,0
2111SR_20211107_40_16_40m_900mL_S8_L001.12SV5.uni,MF043389,1,0
2111SR_20211107_40_16_40m_900mL_S8_L001.12SV5.uni,DQ927305,1,0
2111SR_20211107_40_16_40m_900mL_S8_L001.12SV5.uni,MT240809,1,0
2111SR_20211107_40_16_40m_900mL_S8_L001.12SV5.uni,OM489375,1,0
2111SR_20211107_40_16_40m_900mL_S8_L001.12SV5.uni,MK940811,1,0
2111SR_20211107_40_16_40m_900mL_S8_L001.12SV5.uni,MT500856,1,0
2111SR_20211107_40_16_40m_900mL_S8_L001.12SV5.uni,OM368309,1,0
2111SR_20211107_40_16_40m_900mL_S8_L001.12SV5.uni,MF997421,1,0
2111SR_20211107_40_16_40m_900mL_S8_L001.12SV5.uni,KM892833,1,0
2111SR_20211107_40_16_40m_900mL_S8_L001.12SV5.uni,OK512981,1,0
2111SR_20211107_40_16_40m_900mL_S8_L001.12SV5.uni,OM910924,1,0
2111SR_20211107_40_16_40m_900mL_S8_L001.12SV5.uni,KM577704,1,0
2111SR_20211107_40_16_40m_900mL_S8_L001.12SV5.uni,AP012091,1,0
2111SR_20211107_40_16_40m_900mL_S8_L001.12SV5.uni,KP218262,1,0
2111SR_20211107_40_16_40m_900mL_S8_L001.12SV5.uni,KR921879,1,0
2111SR_20211107_40_16_40m_900mL_S8_L001.12SV5.uni,FN562578,1,0
2111SR_20211107_40_16_40m_900mL_S8_L001.12SV5.uni,KC878511,1,0
2111SR_20211107_40_16_40m_900mL_S8_L001.12SV5.uni,MH332776,1,0
2111SR_20211107_40_16_40m_900mL_S8_L001.12SV5.uni,AJ242872,1,0
2111SR_20211107_40_16_40m_900mL_S8_L001.12SV5.uni,MW619644,1,0
2111SR_20211107_40_16_40m_900mL_S8_L001.12SV5.uni,MG737765,1,0
2111SR_20211107_40_16_40m_900mL_S8_L001.12SV5.uni,KR704425,1,0
2111SR_20211107_40_16_40m_900mL_S8_L001.12SV5.uni,JQ256942,1,0
2111SR_20211107_40_16_40m_900mL_S8_L001.12SV5.uni,GU570662,1,0
2111SR_20211107_40_16_40m_900mL_S8_L001.12SV5.uni,MZ433373,1,0
2111SR_20211107_40_16_40m_900mL_S8_L001.12SV5.uni,EU913478,1,0
2111SR_20211107_40_16_40m_900mL_S8_L001.12SV5.uni,AP011193,1,0
2111SR_20211107_40_16_40m_900mL_S8_L001.12SV5.uni,AP012961,1,0
2111SR_20211107_40_16_40m_900mL_S8_L001.12SV5.uni,MH102356,1,0
2111SR_20211107_40_16_40m_900mL_S8_L001.12SV5.uni,AB478586,1,0
2111SR_20211107_40_16_40m_900mL_S8_L001.12SV5.uni,MK507894,1,0
2111SR_20211107_40_16_40m_900mL_S8_L001.12SV5.uni,MW013541,1,0
2111SR_20211107_40_16_40m_900mL_S8_L001.12SV5.uni,MH321205,1,0
2111SR_20211107_40_16_40m_900mL_S8_L001.12SV5.uni,OL505578,1,0
2111SR_20211107_40_16_40m_900mL_S8_L001.12SV5.uni,MT371043,1,0
2111SR_20211107_40_16_40m_900mL_S8_L001.12SV5.uni,MH620790,1,0
2111SR_20211107_40_16_40m_900mL_S8_L001.12SV5.uni,MW849265,1,0
2111SR_20211107_40_16_40m_900mL_S8_L001.12SV5.uni,MN845630,1,0
2111SR_20211107_40_16_40m_900mL_S8_L001.12SV5.uni,JX196367,1,0
2111SR_20211107_40_16_40m_900mL_S8_L001.12SV5.uni,FN666601,1,0
2111SR_20211107_40_16_40m_900mL_S8_L001.12SV5.uni,KP313823,1,0
2111SR_20211107_40_16_40m_900mL_S8_L001.12SV5.uni,MG570449,1,0
2111SR_20211107_40_16_40m_900mL_S8_L001.12SV5.uni,MT410871,1,0
2111SR_20211107_40_16_40m_900mL_S8_L001.12SV5.uni,LC564941,1,0
2111SR_20211107_40_16_40m_900mL_S8_L001.12SV5.uni,KC902750,1,0
2111SR_20211107_40_16_40m_900mL_S8_L001.12SV5.uni,MW123009,1,0
2111SR_20211107_40_16_40m_900mL_S8_L001.12SV5.uni,JQ321839,1,0
2111SR_20211107_40_16_40m_900mL_S8_L001.12SV5.uni,KY224429,1,0
2111SR_20211107_40_16_40m_900mL_S8_L001.12SV5.uni,AF487277,1,0
2111SR_20211107_40_16_40m_900mL_S8_L001.12SV5.uni,KU892756,1,0
2111SR_20211107_40_16_40m_900mL_S8_L001.12SV5.uni,MF143489,1,0
2111SR_20211107_40_16_40m_900mL_S8_L001.12SV5.uni,GU261707,1,0
2111SR_20211107_40_16_40m_900mL_S8_L001.12SV5.uni,KU146528,1,0
2111SR_20211107_40_16_40m_900mL_S8_L001.12SV5.uni,KT213591,1,0
2111SR_20211107_40_16_40m_900mL_S8_L001.12SV5.uni,MZ357706,1,0
2111SR_20211107_40_16_40m_900mL_S8_L001.12SV5.uni,AP009538,1,0
2111SR_20211107_40_16_40m_900mL_S8_L001.12SV5.uni,MZ305460,1,0
2111SR_20211107_40_16_40m_900mL_S8_L001.12SV5.uni,KF588709,1,0
2111SR_20211107_40_16_40m_900mL_S8_L001.12SV5.uni,KP100653,1,0
2111SR_20211107_40_16_40m_900mL_S8_L001.12SV5.uni,MT017725,1,0
2111SR_20211107_40_16_40m_900mL_S8_L001.12SV5.uni,KM657338,1,0
2111SR_20211107_40_16_40m_900mL_S8_L001.12SV5.uni,KC503263,1,0
2111SR_20211107_40_16_40m_900mL_S8_L001.12SV5.uni,MN075945,1,0
2111SR_20211107_40_16_40m_900mL_S8_L001.12SV5.uni,MF669486,1,0
2111SR_20211107_40_16_40m_900mL_S8_L001.12SV5.uni,MT174528,1,0
2111SR_20211107_40_16_40m_900mL_S8_L001.12SV5.uni,MH700647,1,0
2111SR_20211107_40_16_40m_900mL_S8_L001.12SV5.uni,MW192448,1,0
2111SR_20211107_40_16_40m_900mL_S8_L001.12SV5.uni,KU738606,1,0
2111SR_20211107_40_16_40m_900mL_S8_L001.12SV5.uni,MK784231,1,0
2111SR_20211107_40_16_40m_900mL_S8_L001.12SV5.uni,KU672396,1,0
2111SR_20211107_40_16_40m_900mL_S8_L001.12SV5.uni,KY679831,1,0
2111SR_20211107_40_16_40m_900mL_S8_L001.12SV5.uni,OM489376,1,0
2111SR_20211107_40_16_40m_900mL_S8_L001.12SV5.uni,KX943491,1,0
2111SR_20211107_40_16_40m_900mL_S8_L001.12SV5.uni,JX839706,1,0
2111SR_20211107_40_16_40m_900mL_S8_L001.12SV5.uni,KX520650,1,0
2111SR_20211107_40_16_40m_900mL_S8_L001.12SV5.uni,MK202802,1,0
2111SR_20211107_40_16_40m_900mL_S8_L001.12SV5.uni,MT300218,1,0
2111SR_20211107_40_16_40m_900mL_S8_L001.12SV5.uni,OM650030,1,0
2111SR_20211107_40_16_40m_900mL_S8_L001.12SV5.uni,KP202278,1,0
2111SR_20211107_40_16_40m_900mL_S8_L001.12SV5.uni,MT554046,1,0
2111SR_20211107_40_16_40m_900mL_S8_L001.12SV5.uni,KY994586,1,0
2111SR_20211107_40_16_40m_900mL_S8_L001.12SV5.uni,MZ504640,1,0
2111SR_20211107_40_16_40m_900mL_S8_L001.12SV5.uni,AP014535,1,0
2111SR_20211107_40_16_40m_900mL_S8_L001.12SV5.uni,FJ890319,1,0
2111SR_20211107_40_16_40m_900mL_S8_L001.12SV5.uni,KM199288,1,0
2111SR_20211107_40_16_40m_900mL_S8_L001.12SV5.uni,MT084563,1,0
2111SR_20211107_40_16_40m_900mL_S8_L001.12SV5.uni,AY947836,1,0
2111SR_20211107_40_16_40m_900mL_S8_L001.12SV5.uni,LC677171,1,0
2111SR_20211107_40_16_40m_900mL_S8_L001.12SV5.uni,MT499332,1,0
2111SR_20211107_40_16_40m_900mL_S8_L001.12SV5.uni,MW662664,1,0
2111SR_20211107_40_16_40m_900mL_S8_L001.12SV5.uni,OK512878,1,0
2111SR_20211107_40_16_40m_900mL_S8_L001.12SV5.uni,HQ622798,1,0
2111SR_20211107_40_16_40m_900mL_S8_L001.12SV5.uni,MN845637,1,0
2111SR_20211107_40_16_40m_900mL_S8_L001.12SV5.uni,OK512997,1,0
2111SR_20211107_40_16_40m_900mL_S8_L001.12SV5.uni,MW242822,1,0
2111SR_20211107_40_16_40m_900mL_S8_L001.12SV5.uni,KU761588,1,0
2111SR_20211107_40_16_40m_900mL_S8_L001.12SV5.uni,MG570444,1,0
2111SR_20211107_40_16_40m_900mL_S8_L001.12SV5.uni,KP965872,1,0
2111SR_20211107_40_16_40m_900mL_S8_L001.12SV5.uni,OL334980,1,0
2111SR_20211107_40_16_40m_900mL_S8_L001.12SV5.uni,MT919640,1,0
2111SR_20211107_40_16_40m_900mL_S8_L001.12SV5.uni,AP017681,1,0
2111SR_20211107_40_16_40m_900mL_S8_L001.12SV5.uni,MK189127,1,0
2111SR_20211107_40_16_40m_900mL_S8_L001.12SV5.uni,OK110248,1,0
2111SR_20211107_40_16_40m_900mL_S8_L001.12SV5.uni,MZ427921,1,0
2111SR_20211107_40_16_40m_900mL_S8_L001.12SV5.uni,KX774322,1,0
2111SR_20211107_40_16_40m_900mL_S8_L001.12SV5.uni,KX063855,1,0
2111SR_20211107_40_16_40m_900mL_S8_L001.12SV5.uni,MW713531,1,0
2111SR_20211107_40_16_40m_900mL_S8_L001.12SV5.uni,MN518689,1,0
2111SR_20211107_40_16_40m_900mL_S8_L001.12SV5.uni,MN356370,1,0
2111SR_20211107_40_16_40m_900mL_S8_L001.12SV5.uni,AP011344,1,0
2111SR_20211107_40_16_40m_900mL_S8_L001.12SV5.uni,LC493931,1,0
2111SR_20211107_40_16_40m_900mL_S8_L001.12SV5.uni,KF709642,1,0
2111SR_20211107_40_16_40m_900mL_S8_L001.12SV5.uni,AP017684,1,0
2111SR_20211107_40_16_40m_900mL_S8_L001.12SV5.uni,MN737138,1,0
2111SR_20211107_40_16_40m_900mL_S8_L001.12SV5.uni,KP999979,1,0
2111SR_20211107_40_16_40m_900mL_S8_L001.12SV5.uni,MZ520737,1,0
2111SR_20211107_40_16_40m_900mL_S8_L001.12SV5.uni,KM657335,1,0
2111SR_20211107_40_16_40m_900mL_S8_L001.12SV5.uni,OL616257,1,0
2111SR_20211107_40_16_40m_900mL_S8_L001.12SV5.uni,MK816392,1,0
2111SR_20211107_40_16_40m_900mL_S8_L001.12SV5.uni,AP006466,1,0
2111SR_20211107_40_16_40m_900mL_S8_L001.12SV5.uni,AB738952,1,0
2111SR_20211107_40_16_40m_900mL_S8_L001.12SV5.uni,MK377247,1,0
2111SR_20211107_40_16_40m_900mL_S8_L001.12SV5.uni,AP011294,1,0
2111SR_20211107_40_16_40m_900mL_S8_L001.12SV5.uni,MT232658,1,0
2111SR_20211107_40_16_40m_900mL_S8_L001.12SV5.uni,MT702384,1,0
2111SR_20211107_40_16_40m_900mL_S8_L001.12SV5.uni,KR002567,1,0
2111SR_20211107_40_16_40m_900mL_S8_L001.12SV5.uni,MZ400417,1,0
2111SR_20211107_40_16_40m_900mL_S8_L001.12SV5.uni,KM099034,1,0
2111SR_20211107_40_16_40m_900mL_S8_L001.12SV5.uni,MG920506,1,0
2111SR_20211107_40_16_40m_900mL_S8_L001.12SV5.uni,KY783907,1,0
2111SR_20211107_40_16_40m_900mL_S8_L001.12SV5.uni,OL616240,1,0
2111SR_20211107_40_16_40m_900mL_S8_L001.12SV5.uni,MW448466,1,0
2111SR_20211107_40_16_40m_900mL_S8_L001.12SV5.uni,KC776688,1,0
2111SR_20211107_40_16_40m_900mL_S8_L001.12SV5.uni,MZ242140,1,0
2111SR_20211107_40_16_40m_900mL_S8_L001.12SV5.uni,AP011367,1,0
2111SR_20211107_40_16_40m_900mL_S8_L001.12SV5.uni,LC424298,1,0
2111SR_20211107_40_16_40m_900mL_S8_L001.12SV5.uni,MT199208,1,0
2111SR_20211107_40_16_40m_900mL_S8_L001.12SV5.uni,AY954506,1,0
2111SR_20211107_40_16_40m_900mL_S8_L001.12SV5.uni,JQ769144,1,0
2111SR_20211107_40_16_40m_900mL_S8_L001.12SV5.uni,KF736848,1,0
2111SR_20211107_40_16_40m_900mL_S8_L001.12SV5.uni,KF385868,1,0
2111SR_20211107_40_16_40m_900mL_S8_L001.12SV5.uni,KX943467,1,0
2111SR_20211107_40_16_40m_900mL_S8_L001.12SV5.uni,MW996598,1,0
2111SR_20211107_40_16_40m_900mL_S8_L001.12SV5.uni,MG813490,1,0
2111SR_20211107_40_16_40m_900mL_S8_L001.12SV5.uni,LC601993,1,0
2111SR_20211107_40_16_40m_900mL_S8_L001.12SV5.uni,MH447975,1,0
2111SR_20211107_40_16_40m_900mL_S8_L001.12SV5.uni,OM574933,1,0
2111SR_20211107_40_16_40m_900mL_S8_L001.12SV5.uni,AJ554059,1,0
2111SR_20211107_40_16_40m_900mL_S8_L001.12SV5.uni,MW751815,1,0
2111SR_20211107_40_16_40m_900mL_S8_L001.12SV5.uni,KT438620,1,0
2111SR_20211107_40_16_40m_900mL_S8_L001.12SV5.uni,KX087169,1,0
2111SR_20211107_40_16_40m_900mL_S8_L001.12SV5.uni,DQ526431,1,0
2111SR_20211107_40_16_40m_900mL_S8_L001.12SV5.uni,JX893179,1,0
2111SR_20211107_40_16_40m_900mL_S8_L001.12SV5.uni,KJ754818,1,0
2111SR_20211107_40_16_40m_900mL_S8_L001.12SV5.uni,KX267571,1,0
2111SR_20211107_40_16_40m_900mL_S8_L001.12SV5.uni,MT017712,1,0
2111SR_20211107_40_16_40m_900mL_S8_L001.12SV5.uni,MW206767,1,0
2111SR_20211107_40_16_40m_900mL_S8_L001.12SV5.uni,MG592729,1,0
2111SR_20211107_40_16_40m_900mL_S8_L001.12SV5.uni,KF060941,1,0
2111SR_20211107_40_16_40m_900mL_S8_L001.12SV5.uni,MW023870,1,0
2111SR_20211107_40_16_40m_900mL_S8_L001.12SV5.uni,HM589214,1,0
2111SR_20211107_40_16_40m_900mL_S8_L001.12SV5.uni,MH717075,1,0
2111SR_20211107_40_16_40m_900mL_S8_L001.12SV5.uni,KY419885,1,0
2111SR_20211107_40_16_40m_900mL_S8_L001.12SV5.uni,MZ853155,1,0
2111SR_20211107_40_16_40m_900mL_S8_L001.12SV5.uni,AP018401,1,0
2111SR_20211107_40_16_40m_900mL_S8_L001.12SV5.uni,AP011939,1,0
2111SR_20211107_40_16_40m_900mL_S8_L001.12SV5.uni,KX752424,1,0
2111SR_20211107_40_16_40m_900mL_S8_L001.12SV5.uni,MW285083,1,0
2111SR_20211107_40_16_40m_900mL_S8_L001.12SV5.uni,MZ927092,1,0
2111SR_20211107_40_16_40m_900mL_S8_L001.12SV5.uni,MK896865,1,0
2111SR_20211107_40_16_40m_900mL_S8_L001.12SV5.uni,MK111418,1,0
2111SR_20211107_40_16_40m_900mL_S8_L001.12SV5.uni,KJ594561,1,0
2111SR_20211107_40_16_40m_900mL_S8_L001.12SV5.uni,MW810348,1,0
2111SR_20211107_40_16_40m_900mL_S8_L001.12SV5.uni,MF055981,1,0
2111SR_20211107_40_16_40m_900mL_S8_L001.12SV5.uni,MZ560874,1,0
2111SR_20211107_40_16_40m_900mL_S8_L001.12SV5.uni,EU728589,1,0
2111SR_20211107_40_16_40m_900mL_S8_L001.12SV5.uni,MG575902,1,0
2111SR_20211107_40_16_40m_900mL_S8_L001.12SV5.uni,JQ661486,1,0
2111SR_20211107_40_16_40m_900mL_S8_L001.12SV5.uni,KR233978,1,0
2111SR_20211107_40_16_40m_900mL_S8_L001.12SV5.uni,HQ697272,1,0
2111SR_20211107_40_16_40m_900mL_S8_L001.12SV5.uni,KU521508,1,0
2111SR_20211107_40_16_40m_900mL_S8_L001.12SV5.uni,MW145179,1,0
2111SR_20211107_40_16_40m_900mL_S8_L001.12SV5.uni,OL875041,1,0
2111SR_20211107_40_16_40m_900mL_S8_L001.12SV5.uni,MT483694,1,0
2111SR_20211107_40_16_40m_900mL_S8_L001.12SV5.uni,MW417227,1,0
2111SR_20211107_40_16_40m_900mL_S8_L001.12SV5.uni,MN845735,1,0
2111SR_20211107_40_16_40m_900mL_S8_L001.12SV5.uni,KY410952,1,0
2111SR_20211107_40_16_40m_900mL_S8_L001.12SV5.uni,AP010781,1,0
2111SR_20211107_40_16_40m_900mL_S8_L001.12SV5.uni,JF911705,1,0
2111SR_20211107_40_16_40m_900mL_S8_L001.12SV5.uni,KY441640,1,0
2111SR_20211107_40_16_40m_900mL_S8_L001.12SV5.uni,MG744346,1,0
2111SR_20211107_40_16_40m_900mL_S8_L001.12SV5.uni,MZ321058,1,0
2111SR_20211107_40_16_40m_900mL_S8_L001.12SV5.uni,KX150459,1,0
2111SR_20211107_40_16_40m_900mL_S8_L001.12SV5.uni,MW632131,1,0
2111SR_20211107_40_16_40m_900mL_S8_L001.12SV5.uni,KX505856,1,0
2111SR_20211107_40_16_40m_900mL_S8_L001.12SV5.uni,KM244671,1,0
2111SR_20211107_40_16_40m_900mL_S8_L001.12SV5.uni,MK820634,1,0
2111SR_20211107_40_16_40m_900mL_S8_L001.12SV5.uni,MH717173,1,0
2111SR_20211107_40_16_40m_900mL_S8_L001.12SV5.uni,KX084803,1,0
2111SR_20211107_40_16_40m_900mL_S8_L001.12SV5.uni,KX857768,1,0
2111SR_20211107_40_16_40m_900mL_S8_L001.12SV5.uni,EU287909,1,0
2111SR_20211107_40_16_40m_900mL_S8_L001.12SV5.uni,MN583179,1,0
2111SR_20211107_40_16_40m_900mL_S8_L001.12SV5.uni,AP017437,1,0
2111SR_20211107_40_16_40m_900mL_S8_L001.12SV5.uni,KF199150,1,0
2111SR_20211107_40_16_40m_900mL_S8_L001.12SV5.uni,FJ518620,1,0
2111SR_20211107_40_16_40m_900mL_S8_L001.12SV5.uni,MT755650,1,0
2111SR_20211107_40_16_40m_900mL_S8_L001.12SV5.uni,LS974636,1,0
2111SR_20211107_40_16_40m_900mL_S8_L001.12SV5.uni,KT780655,1,0
2111SR_20211107_40_16_40m_900mL_S8_L001.12SV5.uni,MN083201,1,0
2111SR_20211107_40_16_40m_900mL_S8_L001.12SV5.uni,MW182649,1,0
2111SR_20211107_40_16_40m_900mL_S8_L001.12SV5.uni,KT959112,1,0
2111SR_20211107_40_16_40m_900mL_S8_L001.12SV5.uni,JN571137,1,0
2111SR_20211107_40_16_40m_900mL_S8_L001.12SV5.uni,MW257219,1,0
2111SR_20211107_40_16_40m_900mL_S8_L001.12SV5.uni,JX524614,1,0
2111SR_20211107_40_16_40m_900mL_S8_L001.12SV5.uni,AP009151,1,0
2111SR_20211107_40_16_40m_900mL_S8_L001.12SV5.uni,MG386479,1,0
2111SR_20211107_40_16_40m_900mL_S8_L001.12SV5.uni,AP009539,1,0
2111SR_20211107_40_16_40m_900mL_S8_L001.12SV5.uni,MK343092,1,0
2111SR_20211107_40_16_40m_900mL_S8_L001.12SV5.uni,KY352239,1,0
2111SR_20211107_40_16_40m_900mL_S8_L001.12SV5.uni,MN242789,1,0
2111SR_20211107_40_16_40m_900mL_S8_L001.12SV5.uni,MT017713,1,0
2111SR_20211107_40_16_40m_900mL_S8_L001.12SV5.uni,KY123120,1,0
2111SR_20211107_40_16_40m_900mL_S8_L001.12SV5.uni,EF463011,1,0
2111SR_20211107_40_16_40m_900mL_S8_L001.12SV5.uni,JN632689,1,0
2111SR_20211107_40_16_40m_900mL_S8_L001.12SV5.uni,KM093858,1,0
2111SR_20211107_40_16_40m_900mL_S8_L001.12SV5.uni,FJ236284,1,0
2111SR_20211107_40_16_40m_900mL_S8_L001.12SV5.uni,KF356196,1,0
2111SR_20211107_40_16_40m_900mL_S8_L001.12SV5.uni,MZ442599,1,0
2111SR_20211107_40_16_40m_900mL_S8_L001.12SV5.uni,KX151650,1,0
2111SR_20211107_40_16_40m_900mL_S8_L001.12SV5.uni,KY124261,1,0
2111SR_20211107_40_16_40m_900mL_S8_L001.12SV5.uni,MT733244,1,0
2111SR_20211107_40_16_40m_900mL_S8_L001.12SV5.uni,MT492037,1,0
2111SR_20211107_40_16_40m_900mL_S8_L001.12SV5.uni,MZ342780,1,0
2111SR_20211107_40_16_40m_900mL_S8_L001.12SV5.uni,KY224475,1,0
2111SR_20211107_40_16_40m_900mL_S8_L001.12SV5.uni,KY457529,1,0
2111SR_20211107_40_16_40m_900mL_S8_L001.12SV5.uni,MK175054,1,0
2111SR_20211107_40_16_40m_900mL_S8_L001.12SV5.uni,FN390872,1,0
2111SR_20211107_40_16_40m_900mL_S8_L001.12SV5.uni,AB474917,1,0
2111SR_20211107_40_16_40m_900mL_S8_L001.12SV5.uni,MK296412,1,0
2111SR_20211107_40_16_40m_900mL_S8_L001.12SV5.uni,KJ645978,1,0
2111SR_20211107_40_16_40m_900mL_S8_L001.12SV5.uni,EU043377,1,0
2111SR_20211107_40_16_40m_900mL_S8_L001.12SV5.uni,KF020876,1,0
2111SR_20211107_40_16_40m_900mL_S8_L001.12SV5.uni,AJ537512,1,0
2111SR_20211107_40_16_40m_900mL_S8_L001.12SV5.uni,OK111104,1,0
2111SR_20211107_40_16_40m_900mL_S8_L001.12SV5.uni,MT215091,1,0
2111SR_20211107_40_16_40m_900mL_S8_L001.12SV5.uni,MT942973,1,0
2111SR_20211107_40_16_40m_900mL_S8_L001.12SV5.uni,MN027276,1,0
2111SR_20211107_40_16_40m_900mL_S8_L001.12SV5.uni,MW884229,1,0
2111SR_20211107_40_16_40m_900mL_S8_L001.12SV5.uni,MG947207,1,0
2111SR_20211107_40_16_40m_900mL_S8_L001.12SV5.uni,MF579936,1,0
2111SR_20211107_40_16_40m_900mL_S8_L001.12SV5.uni,KX388532,1,0
2111SR_20211107_40_16_40m_900mL_S8_L001.12SV5.uni,AY605478,1,0
2111SR_20211107_40_16_40m_900mL_S8_L001.12SV5.uni,MT017909,1,0
2111SR_20211107_40_16_40m_900mL_S8_L001.12SV5.uni,MZ853156,1,0
2111SR_20211107_40_16_40m_900mL_S8_L001.12SV5.uni,KT345965,1,0
2111SR_20211107_40_16_40m_900mL_S8_L001.12SV5.uni,MK078262,1,0
2111SR_20211107_40_16_40m_900mL_S8_L001.12SV5.uni,KU351089,1,0
2111SR_20211107_40_16_40m_900mL_S8_L001.12SV5.uni,MW934557,1,0
2111SR_20211107_40_16_40m_900mL_S8_L001.12SV5.uni,MN477253,1,0
2111SR_20211107_40_16_40m_900mL_S8_L001.12SV5.uni,MF536894,1,0
2111SR_20211107_40_16_40m_900mL_S8_L001.12SV5.uni,MW465282,1,0
2111SR_20211107_40_16_40m_900mL_S8_L001.12SV5.uni,KY689132,1,0
2111SR_20211107_40_16_40m_900mL_S8_L001.12SV5.uni,KJ133586,1,0
2111SR_20211107_40_16_40m_900mL_S8_L001.12SV5.uni,KC353357,1,0
2111SR_20211107_40_16_40m_900mL_S8_L001.12SV5.uni,MN807584,1,0
2111SR_20211107_40_16_40m_900mL_S8_L001.12SV5.uni,AB042770,1,0
2111SR_20211107_40_16_40m_900mL_S8_L001.12SV5.uni,MN356341,1,0
2111SR_20211107_40_16_40m_900mL_S8_L001.12SV5.uni,AP011266,1,0
2111SR_20211107_40_16_40m_900mL_S8_L001.12SV5.uni,MF278978,1,0
2111SR_20211107_40_16_40m_900mL_S8_L001.12SV5.uni,JQ268550,1,0
2111SR_20211107_40_16_40m_900mL_S8_L001.12SV5.uni,KM373205,1,0
2111SR_20211107_40_16_40m_900mL_S8_L001.12SV5.uni,MH122734,1,0
2111SR_20211107_40_16_40m_900mL_S8_L001.12SV5.uni,MK088482,1,0
2111SR_20211107_40_16_40m_900mL_S8_L001.12SV5.uni,MT872691,1,0
2111SR_20211107_40_16_40m_900mL_S8_L001.12SV5.uni,EU621793,1,0
2111SR_20211107_40_16_40m_900mL_S8_L001.12SV5.uni,MF351970,1,0
2111SR_20211107_40_16_40m_900mL_S8_L001.12SV5.uni,KY707305,1,0
2111SR_20211107_40_16_40m_900mL_S8_L001.12SV5.uni,MW401775,1,0
2111SR_20211107_40_16_40m_900mL_S8_L001.12SV5.uni,EU728584,1,0
2111SR_20211107_40_16_40m_900mL_S8_L001.12SV5.uni,KU553349,1,0
2111SR_20211107_40_16_40m_900mL_S8_L001.12SV5.uni,MN842722,1,0
2111SR_20211107_40_16_40m_900mL_S8_L001.12SV5.uni,JQ929923,1,0
2111SR_20211107_40_16_40m_900mL_S8_L001.12SV5.uni,DQ656600,1,0
2111SR_20211107_40_16_40m_900mL_S8_L001.12SV5.uni,MW307783,1,0
2111SR_20211107_40_16_40m_900mL_S8_L001.12SV5.uni,KY069960,1,0
2111SR_20211107_40_16_40m_900mL_S8_L001.12SV5.uni,KY039113,1,0
2111SR_20211107_40_16_40m_900mL_S8_L001.12SV5.uni,AY456187,1,0
2111SR_20211107_40_16_40m_900mL_S8_L001.12SV5.uni,MN515031,1,0
2111SR_20211107_40_16_40m_900mL_S8_L001.12SV5.uni,MZ488957,1,0
2111SR_20211107_40_16_40m_900mL_S8_L001.12SV5.uni,KC977309,1,0
2111SR_20211107_40_16_40m_900mL_S8_L001.12SV5.uni,KJ866876,1,0
2111SR_20211107_40_16_40m_900mL_S8_L001.12SV5.uni,MN864228,1,0
2111SR_20211107_40_16_40m_900mL_S8_L001.12SV5.uni,KJ909193,1,0
2111SR_20211107_40_16_40m_900mL_S8_L001.12SV5.uni,KR864861,1,0
2111SR_20211107_40_16_40m_900mL_S8_L001.12SV5.uni,AP013047,1,0
2111SR_20211107_40_16_40m_900mL_S8_L001.12SV5.uni,KR150868,1,0
2111SR_20211107_40_16_40m_900mL_S8_L001.12SV5.uni,GU078469,1,0
2111SR_20211107_40_16_40m_900mL_S8_L001.12SV5.uni,MW244822,1,0
2111SR_20211107_40_16_40m_900mL_S8_L001.12SV5.uni,KJ472924,1,0
2111SR_20211107_40_16_40m_900mL_S8_L001.12SV5.uni,MT822984,1,0
2111SR_20211107_40_16_40m_900mL_S8_L001.12SV5.uni,MW853767,1,0
2111SR_20211107_40_16_40m_900mL_S8_L001.12SV5.uni,MT012684,1,0
2111SR_20211107_40_16_40m_900mL_S8_L001.12SV5.uni,MN061667,1,0
2111SR_20211107_40_16_40m_900mL_S8_L001.12SV5.uni,AB291073,1,0
2111SR_20211107_40_16_40m_900mL_S8_L001.12SV5.uni,EU728586,1,0
2111SR_20211107_40_16_40m_900mL_S8_L001.12SV5.uni,MF688995,1,0
2111SR_20211107_40_16_40m_900mL_S8_L001.12SV5.uni,KP872689,1,0
2111SR_20211107_40_16_40m_900mL_S8_L001.12SV5.uni,MT667248,1,0
2111SR_20211107_40_16_40m_900mL_S8_L001.12SV5.uni,KX151643,1,0
2111SR_20211107_40_16_40m_900mL_S8_L001.12SV5.uni,DQ991932,1,0
2111SR_20211107_40_16_40m_900mL_S8_L001.12SV5.uni,GQ888713,1,0
2111SR_20211107_40_16_40m_900mL_S8_L001.12SV5.uni,MZ274181,1,0
2111SR_20211107_40_16_40m_900mL_S8_L001.12SV5.uni,KU325536,1,0
2111SR_20211107_40_16_40m_900mL_S8_L001.12SV5.uni,ON258619,1,0
2111SR_20211107_40_16_40m_900mL_S8_L001.12SV5.uni,MN083178,1,0
2111SR_20211107_40_16_40m_900mL_S8_L001.12SV5.uni,MH293455,1,0
2111SR_20211107_40_16_40m_900mL_S8_L001.12SV5.uni,AP019407,1,0
2111SR_20211107_40_16_40m_900mL_S8_L001.12SV5.uni,KU682697,1,0
2111SR_20211107_40_16_40m_900mL_S8_L001.12SV5.uni,MW430051,1,0
2111SR_20211107_40_16_40m_900mL_S8_L001.12SV5.uni,KY678361,1,0
2111SR_20211107_40_16_40m_900mL_S8_L001.12SV5.uni,MN356178,1,0
2111SR_20211107_40_16_40m_900mL_S8_L001.12SV5.uni,MZ272453,1,0
2111SR_20211107_40_16_40m_900mL_S8_L001.12SV5.uni,OK048743,1,0
2111SR_20211107_40_16_40m_900mL_S8_L001.12SV5.uni,KR152643,1,0
2111SR_20211107_40_16_40m_900mL_S8_L001.12SV5.uni,MF029677,1,0
2111SR_20211107_40_16_40m_900mL_S8_L001.12SV5.uni,KY865331,1,0
2111SR_20211107_40_16_40m_900mL_S8_L001.12SV5.uni,KX943361,1,0
2111SR_20211107_40_16_40m_900mL_S8_L001.12SV5.uni,KY069970,1,0
2111SR_20211107_40_16_40m_900mL_S8_L001.12SV5.uni,JX963627,1,0
2111SR_20211107_40_16_40m_900mL_S8_L001.12SV5.uni,JQ354998,1,0
2111SR_20211107_40_16_40m_900mL_S8_L001.12SV5.uni,KF162201,1,0
2111SR_20211107_40_16_40m_900mL_S8_L001.12SV5.uni,AB371095,1,0
2111SR_20211107_40_16_40m_900mL_S8_L001.12SV5.uni,KT757753,1,0
2111SR_20211107_40_16_40m_900mL_S8_L001.12SV5.uni,JF317637,1,0
2111SR_20211107_40_16_40m_900mL_S8_L001.12SV5.uni,MN356255,1,0
2111SR_20211107_40_16_40m_900mL_S8_L001.12SV5.uni,AP011416,1,0
2111SR_20211107_40_16_40m_900mL_S8_L001.12SV5.uni,KT723027,1,0
2111SR_20211107_40_16_40m_900mL_S8_L001.12SV5.uni,AP011577,1,0
2111SR_20211107_40_16_40m_900mL_S8_L001.12SV5.uni,MW592986,1,0
2111SR_20211107_40_16_40m_900mL_S8_L001.12SV5.uni,MT232845,1,0
2111SR_20211107_40_16_40m_900mL_S8_L001.12SV5.uni,MZ221161,1,0
2111SR_20211107_40_16_40m_900mL_S8_L001.12SV5.uni,MT872679,1,0
2111SR_20211107_40_16_40m_900mL_S8_L001.12SV5.uni,MK841489,1,0
2111SR_20211107_40_16_40m_900mL_S8_L001.12SV5.uni,MT862414,1,0
2111SR_20211107_40_16_40m_900mL_S8_L001.12SV5.uni,MH396025,1,0
2111SR_20211107_40_16_40m_900mL_S8_L001.12SV5.uni,KP702293,1,0
2111SR_20211107_40_16_40m_900mL_S8_L001.12SV5.uni,MH443787,1,0
2111SR_20211107_40_16_40m_900mL_S8_L001.12SV5.uni,KY930906,1,0
2111SR_20211107_40_16_40m_900mL_S8_L001.12SV5.uni,MZ128786,1,0
2111SR_20211107_40_16_40m_900mL_S8_L001.12SV5.uni,KJ496338,1,0
2111SR_20211107_40_16_40m_900mL_S8_L001.12SV5.uni,MK253669,1,0
2111SR_20211107_40_16_40m_900mL_S8_L001.12SV5.uni,KP756905,1,0
2111SR_20211107_40_16_40m_900mL_S8_L001.12SV5.uni,JX566509,1,0
2111SR_20211107_40_16_40m_900mL_S8_L001.12SV5.uni,MN418316,1,0
2111SR_20211107_40_16_40m_900mL_S8_L001.12SV5.uni,JX144937,1,0
2111SR_20211107_40_16_40m_900mL_S8_L001.12SV5.uni,KX161841,1,0
2111SR_20211107_40_16_40m_900mL_S8_L001.12SV5.uni,AF547983,1,0
2111SR_20211107_40_16_40m_900mL_S8_L001.12SV5.uni,JQ256973,1,0
2111SR_20211107_40_16_40m_900mL_S8_L001.12SV5.uni,MT605016,1,0
2111SR_20211107_40_16_40m_900mL_S8_L001.12SV5.uni,MN122915,1,0
2111SR_20211107_40_16_40m_900mL_S8_L001.12SV5.uni,AY158677,1,0
2111SR_20211107_40_16_40m_900mL_S8_L001.12SV5.uni,EF483936,1,0
2111SR_20211107_40_16_40m_900mL_S8_L001.12SV5.uni,JQ286004,1,0
2111SR_20211107_40_16_40m_900mL_S8_L001.12SV5.uni,AB282830,1,0
2111SR_20211107_40_16_40m_900mL_S8_L001.12SV5.uni,MW602524,1,0
2111SR_20211107_40_16_40m_900mL_S8_L001.12SV5.uni,KY244019,1,0
2111SR_20211107_40_16_40m_900mL_S8_L001.12SV5.uni,MG944241,1,0
2111SR_20211107_40_16_40m_900mL_S8_L001.12SV5.uni,KX943456,1,0
2111SR_20211107_40_16_40m_900mL_S8_L001.12SV5.uni,MW737610,1,0
2111SR_20211107_40_16_40m_900mL_S8_L001.12SV5.uni,HQ269361,1,0
2111SR_20211107_40_16_40m_900mL_S8_L001.12SV5.uni,JN098455,1,0
2111SR_20211107_40_16_40m_900mL_S8_L001.12SV5.uni,OM328949,1,0
2111SR_20211107_40_16_40m_900mL_S8_L001.12SV5.uni,KJ746664,1,0
2111SR_20211107_40_16_40m_900mL_S8_L001.12SV5.uni,AY795975,1,0
2111SR_20211107_40_16_40m_900mL_S8_L001.12SV5.uni,KT346357,1,0
2111SR_20211107_40_16_40m_900mL_S8_L001.12SV5.uni,MH709123,1,0
2111SR_20211107_40_16_40m_900mL_S8_L001.12SV5.uni,JX135579,1,0
2111SR_20211107_40_16_40m_900mL_S8_L001.12SV5.uni,MG772558,1,0
2111SR_20211107_40_16_40m_900mL_S8_L001.12SV5.uni,ON643914,1,0
2111SR_20211107_40_16_40m_900mL_S8_L001.12SV5.uni,KR827449,1,0
2111SR_20211107_40_16_40m_900mL_S8_L001.12SV5.uni,MW255940,1,0
2111SR_20211107_40_16_40m_900mL_S8_L001.12SV5.uni,MK292117,1,0
2111SR_20211107_40_16_40m_900mL_S8_L001.12SV5.uni,MF381659,1,0
2111SR_20211107_40_16_40m_900mL_S8_L001.12SV5.uni,MZ058051,1,0
2111SR_20211107_40_16_40m_900mL_S8_L001.12SV5.uni,OL634845,1,0
2111SR_20211107_40_16_40m_900mL_S8_L001.12SV5.uni,AP015014,1,0
2111SR_20211107_40_16_40m_900mL_S8_L001.12SV5.uni,AB096865,1,0
2111SR_20211107_40_16_40m_900mL_S8_L001.12SV5.uni,AM181020,1,0
2111SR_20211107_40_16_40m_900mL_S8_L001.12SV5.uni,MK261078,1,0
2111SR_20211107_40_16_40m_900mL_S8_L001.12SV5.uni,MW232471,1,0
2111SR_20211107_40_16_40m_900mL_S8_L001.12SV5.uni,AY898626,1,0
2111SR_20211107_40_16_40m_900mL_S8_L001.12SV5.uni,KF556648,1,0
2111SR_20211107_40_16_40m_900mL_S8_L001.12SV5.uni,KP814012,1,0
2111SR_20211107_40_16_40m_900mL_S8_L001.12SV5.uni,KU679421,1,0
2111SR_20211107_40_16_40m_900mL_S8_L001.12SV5.uni,MW691169,1,0
2111SR_20211107_40_16_40m_900mL_S8_L001.12SV5.uni,MH065757,1,0
2111SR_20211107_40_16_40m_900mL_S8_L001.12SV5.uni,KX943424,1,0
2111SR_20211107_40_16_40m_900mL_S8_L001.12SV5.uni,MN083175,1,0
2111SR_20211107_40_16_40m_900mL_S8_L001.12SV5.uni,MG674194,1,0
2111SR_20211107_40_16_40m_900mL_S8_L001.12SV5.uni,KX657741,1,0
2111SR_20211107_40_16_40m_900mL_S8_L001.12SV5.uni,AP014626,1,0
2111SR_20211107_40_16_40m_900mL_S8_L001.12SV5.uni,KU886087,1,0
2111SR_20211107_40_16_40m_900mL_S8_L001.12SV5.uni,MH937514,1,0
2111SR_20211107_40_16_40m_900mL_S8_L001.12SV5.uni,MW574351,1,0
2111SR_20211107_40_16_40m_900mL_S8_L001.12SV5.uni,MW232456,1,0
2111SR_20211107_40_16_40m_900mL_S8_L001.12SV5.uni,KP015738,1,0
2111SR_20211107_40_16_40m_900mL_S8_L001.12SV5.uni,AP012975,1,0
2111SR_20211107_40_16_40m_900mL_S8_L001.12SV5.uni,OL495260,1,0
2111SR_20211107_40_16_40m_900mL_S8_L001.12SV5.uni,MW602527,1,0
2111SR_20211107_40_16_40m_900mL_S8_L001.12SV5.uni,KX826911,1,0
2111SR_20211107_40_16_40m_900mL_S8_L001.12SV5.uni,KX447142,1,0
2111SR_20211107_40_16_40m_900mL_S8_L001.12SV5.uni,KX943468,1,0
2111SR_20211107_40_16_40m_900mL_S8_L001.12SV5.uni,KY224423,1,0
2111SR_20211107_40_16_40m_900mL_S8_L001.12SV5.uni,MZ333650,1,0
2111SR_20211107_40_16_40m_900mL_S8_L001.12SV5.uni,MK993561,1,0
2111SR_20211107_40_16_40m_900mL_S8_L001.12SV5.uni,MW528243,1,0
2111SR_20211107_40_16_40m_900mL_S8_L001.12SV5.uni,DQ989636,1,0
2111SR_20211107_40_16_40m_900mL_S8_L001.12SV5.uni,MZ457413,1,0
2111SR_20211107_40_16_40m_900mL_S8_L001.12SV5.uni,AF362763,1,0
2111SR_20211107_40_16_40m_900mL_S8_L001.12SV5.uni,AB054126,1,0
2111SR_20211107_40_16_40m_900mL_S8_L001.12SV5.uni,KR870989,1,0
2111SR_20211107_40_16_40m_900mL_S8_L001.12SV5.uni,AJ584642,1,0
2111SR_20211107_40_16_40m_900mL_S8_L001.12SV5.uni,KU237290,1,0
2111SR_20211107_40_16_40m_900mL_S8_L001.12SV5.uni,MT230535,1,0
2111SR_20211107_40_16_40m_900mL_S8_L001.12SV5.uni,MZ382545,1,0
2111SR_20211107_40_16_40m_900mL_S8_L001.12SV5.uni,OK506051,1,0
2111SR_20211107_40_16_40m_900mL_S8_L001.12SV5.uni,LC554790,1,0
2111SR_20211107_40_16_40m_900mL_S8_L001.12SV5.uni,MT471100,1,0
2111SR_20211107_40_16_40m_900mL_S8_L001.12SV5.uni,JN632682,1,0
2111SR_20211107_40_16_40m_900mL_S8_L001.12SV5.uni,KT818546,1,0
2111SR_20211107_40_16_40m_900mL_S8_L001.12SV5.uni,KY964271,1,0
2111SR_20211107_40_16_40m_900mL_S8_L001.12SV5.uni,KC342218,1,0
2111SR_20211107_40_16_40m_900mL_S8_L001.12SV5.uni,MN122882,1,0
2111SR_20211107_40_16_40m_900mL_S8_L001.12SV5.uni,KJ720818,1,0
2111SR_20211107_40_16_40m_900mL_S8_L001.12SV5.uni,MW599989,1,0
2111SR_20211107_40_16_40m_900mL_S8_L001.12SV5.uni,MT750295,1,0
2111SR_20211107_40_16_40m_900mL_S8_L001.12SV5.uni,MT712133,1,0
2111SR_20211107_40_16_40m_900mL_S8_L001.12SV5.uni,MT584136,1,0
2111SR_20211107_40_16_40m_900mL_S8_L001.12SV5.uni,KU925198,1,0
2111SR_20211107_40_16_40m_900mL_S8_L001.12SV5.uni,MZ336096,1,0
2111SR_20211107_40_16_40m_900mL_S8_L001.12SV5.uni,MN304802,1,0
2111SR_20211107_40_16_40m_900mL_S8_L001.12SV5.uni,MF593978,1,0
2111SR_20211107_40_16_40m_900mL_S8_L001.12SV5.uni,FJ755181,1,0
2111SR_20211107_40_16_40m_900mL_S8_L001.12SV5.uni,AP009584,1,0
2111SR_20211107_40_16_40m_900mL_S8_L001.12SV5.uni,AP011232,1,0
2111SR_20211107_40_16_40m_900mL_S8_L001.12SV5.uni,KP013090,1,0
2111SR_20211107_40_16_40m_900mL_S8_L001.12SV5.uni,AP009502,1,0
2111SR_20211107_40_16_40m_900mL_S8_L001.12SV5.uni,EF433576,1,0
2111SR_20211107_40_16_40m_900mL_S8_L001.12SV5.uni,OL661262,1,0
2111SR_20211107_40_16_40m_900mL_S8_L001.12SV5.uni,OK011997,1,0
2111SR_20211107_40_16_40m_900mL_S8_L001.12SV5.uni,AY463155,1,0
2111SR_20211107_40_16_40m_900mL_S8_L001.12SV5.uni,KY224453,1,0
2111SR_20211107_40_16_40m_900mL_S8_L001.12SV5.uni,MZ617458,1,0
2111SR_20211107_40_16_40m_900mL_S8_L001.12SV5.uni,MF422651,1,0
2111SR_20211107_40_16_40m_900mL_S8_L001.12SV5.uni,AB565771,1,0
2111SR_20211107_40_16_40m_900mL_S8_L001.12SV5.uni,MZ560865,1,0
2111SR_20211107_40_16_40m_900mL_S8_L001.12SV5.uni,KM881680,1,0
2111SR_20211107_40_16_40m_900mL_S8_L001.12SV5.uni,KT345702,1,0
2111SR_20211107_40_16_40m_900mL_S8_L001.12SV5.uni,MK026008,1,0
2111SR_20211107_40_16_40m_900mL_S8_L001.12SV5.uni,KT826539,1,0
2111SR_20211107_40_16_40m_900mL_S8_L001.12SV5.uni,DQ275350,1,0
2111SR_20211107_40_16_40m_900mL_S8_L001.12SV5.uni,AB271769,1,0
2111SR_20211107_40_16_40m_900mL_S8_L001.12SV5.uni,OM910815,1,0
2111SR_20211107_40_16_40m_900mL_S8_L001.12SV5.uni,MW446947,1,0
2111SR_20211107_40_16_40m_900mL_S8_L001.12SV5.uni,KT881556,1,0
2111SR_20211107_40_16_40m_900mL_S8_L001.12SV5.uni,MN027271,1,0
2111SR_20211107_40_16_40m_900mL_S8_L001.12SV5.uni,MG737807,1,0
2111SR_20211107_40_16_40m_900mL_S8_L001.12SV5.uni,MZ461463,1,0
2111SR_20211107_40_16_40m_900mL_S8_L001.12SV5.uni,MZ131567,1,0
2111SR_20211107_40_16_40m_900mL_S8_L001.12SV5.uni,KX857299,1,0
2111SR_20211107_40_16_40m_900mL_S8_L001.12SV5.uni,AB099481,1,0
2111SR_20211107_40_16_40m_900mL_S8_L001.12SV5.uni,MT180469,1,0
2111SR_20211107_40_16_40m_900mL_S8_L001.12SV5.uni,KY436760,1,0
2111SR_20211107_40_16_40m_900mL_S8_L001.12SV5.uni,KJ739868,1,0
2111SR_20211107_40_16_40m_900mL_S8_L001.12SV5.uni,HQ890947,1,0
2111SR_20211107_40_16_40m_900mL_S8_L001.12SV5.uni,AP009208,1,0
2111SR_20211107_40_16_40m_900mL_S8_L001.12SV5.uni,MT476592,1,0
2111SR_20211107_40_16_40m_900mL_S8_L001.12SV5.uni,MF687347,1,0
2111SR_20211107_40_16_40m_900mL_S8_L001.12SV5.uni,KX908207,1,0
2111SR_20211107_40_16_40m_900mL_S8_L001.12SV5.uni,MK238348,1,0
2111SR_20211107_40_16_40m_900mL_S8_L001.12SV5.uni,KT895423,1,0
